timestamp,X,Y,Z
2025-09-15 21:48:28+10:00,-4.182000160217285,1.1880000829696655,9.097949981689451
2025-09-15 21:49:29+10:00,0.7470000386238098,3.2569501399993896,8.716950416564941
2025-09-15 21:49:31+10:00,1.7910001277923584,0.7620000243186951,
2025-09-15 21:49:33+10:00,,,10.069950103759766
2025-09-15 21:49:34+10:00,0.0910500064492225,,
2025-09-15 21:49:35+10:00,,4.075950145721436,
2025-09-15 21:49:36+10:00,,,8.70300006866455
2025-09-15 21:49:37+10:00,0.4740000367164612,,
2025-09-15 21:49:38+10:00,,3.1690502166748047,
2025-09-15 21:49:39+10:00,,,8.523000717163086
2025-09-15 21:49:40+10:00,3.8230502605438232,,
2025-09-15 21:49:41+10:00,,4.372950077056885,
2025-09-15 21:49:42+10:00,,,4.422000408172607
2025-09-15 21:49:43+10:00,-4.630050182342529,-0.6919500231742859,
2025-09-15 21:49:45+10:00,,,9.496950149536133
2025-09-15 21:49:46+10:00,4.269000053405762,,
2025-09-15 21:49:47+10:00,,4.864050388336182,
2025-09-15 21:49:48+10:00,,,5.928000450134277
2025-09-15 21:49:49+10:00,4.537050247192383,,
2025-09-15 21:49:50+10:00,,-0.111000008881092,
2025-09-15 21:49:51+10:00,,,8.80305004119873
2025-09-15 21:49:53+10:00,-1.180050015449524,,
2025-09-15 21:49:54+10:00,,0.0,
2025-09-15 21:49:55+10:00,,,9.73905086517334
2025-09-15 21:49:56+10:00,-3.256050109863281,,
2025-09-15 21:49:57+10:00,,1.2079501152038574,
2025-09-15 21:49:58+10:00,,,9.327000617980955
2025-09-15 21:49:59+10:00,4.218000411987305,3.513000249862671,
2025-09-15 21:50:01+10:00,,,6.118950366973877
2025-09-15 21:50:02+10:00,3.973950147628784,,
2025-09-15 21:50:03+10:00,,2.7850501537323,
2025-09-15 21:50:04+10:00,,,8.652000427246094
2025-09-15 21:50:05+10:00,3.282000064849853,3.0390000343322754,
2025-09-15 21:50:07+10:00,,,8.343000411987305
2025-09-15 21:50:08+10:00,0.8230500221252441,,
2025-09-15 21:50:10+10:00,,3.2569501399993896,10.824000358581545
2025-09-15 21:50:11+10:00,1.53000009059906,,
2025-09-15 21:50:12+10:00,,2.971950054168701,
2025-09-15 21:50:13+10:00,,,10.819050788879396
2025-09-15 21:50:14+10:00,3.331950187683105,,
2025-09-15 21:50:16+10:00,,-1.437000036239624,10.084050178527832
2025-09-15 21:50:17+10:00,3.177000045776367,,
2025-09-15 21:50:18+10:00,,-2.791950225830078,
2025-09-15 21:50:19+10:00,,,10.707000732421877
2025-09-15 21:50:20+10:00,3.8299500942230233,,
2025-09-15 21:50:22+10:00,,-1.0320000648498535,9.675000190734863
2025-09-15 21:50:23+10:00,3.723000288009644,,
2025-09-15 21:50:24+10:00,,-1.1830500364303589,
2025-09-15 21:50:25+10:00,,,8.986950874328613
2025-09-15 21:50:27+10:00,3.687000274658203,,
2025-09-15 21:50:28+10:00,,-1.1569499969482422,
2025-09-15 21:50:29+10:00,,,9.01395034790039
2025-09-15 21:50:30+10:00,3.7420501708984375,,
2025-09-15 21:50:32+10:00,,-1.3270500898361206,8.995050430297852
2025-09-15 21:50:33+10:00,3.687000274658203,,
2025-09-15 21:50:34+10:00,,-1.27905011177063,
2025-09-15 21:50:35+10:00,,,8.992050170898438
2025-09-15 21:50:36+10:00,3.6010501384735107,,
2025-09-15 21:50:38+10:00,,-1.3129500150680542,
2025-09-15 21:50:39+10:00,,,8.920050621032715
2025-09-15 21:50:40+10:00,1.333050012588501,-3.919950246810913,
2025-09-15 21:50:42+10:00,,,11.611950874328612
2025-09-15 21:50:43+10:00,-1.120050072669983,,
2025-09-15 21:50:44+10:00,,5.517000198364258,
2025-09-15 21:50:45+10:00,,,10.053000450134276
2025-09-15 21:57:53+10:00,2.860950231552124,,
2025-09-15 21:57:55+10:00,,-4.624050140380859,8.506050109863281
2025-09-15 21:57:56+10:00,-1.5630000829696655,,
2025-09-15 21:57:58+10:00,,5.368950366973877,6.909000396728516
2025-09-15 21:58:00+10:00,0.174000009894371,,
2025-09-15 21:58:02+10:00,,5.826000213623047,7.635000228881836
2025-09-15 21:58:03+10:00,-3.238950252532959,,
2025-09-15 21:58:05+10:00,,2.848050117492676,10.71405029296875
2025-09-15 21:58:06+10:00,1.9339500665664675,,
2025-09-15 21:58:08+10:00,,4.354050159454346,5.952000141143799
2025-09-15 22:11:00+10:00,1.9339500665664675,4.354050159454346,5.952000141143799
2025-09-15 22:20:23+10:00,0.0190500002354383,,
2025-09-15 22:20:24+10:00,,-0.0910500064492225,
2025-09-15 22:20:25+10:00,,,9.76995086669922
2025-09-15 22:20:26+10:00,0.0259500015527009,,
2025-09-15 22:20:31+10:00,0.0139500005170702,,
2025-09-15 22:20:32+10:00,,-0.100950002670288,
2025-09-15 22:20:33+10:00,,,9.790050506591797
2025-09-15 22:20:35+10:00,0.0090000005438923,,
2025-09-15 22:20:36+10:00,,-0.1180500090122222,
2025-09-15 22:20:37+10:00,,,9.804000854492188
2025-09-15 22:20:38+10:00,0.0240000002086162,,
2025-09-15 22:20:39+10:00,,-0.1249500066041946,
2025-09-15 22:20:45+10:00,-0.0070500001311302,,
2025-09-15 22:20:46+10:00,,-0.1270500123500824,
2025-09-15 22:20:47+10:00,,,9.792000770568848
2025-09-15 22:20:48+10:00,0.0040500001050531,,
2025-09-15 22:20:49+10:00,,-0.1129500046372413,
2025-09-15 22:20:50+10:00,,,9.799050331115724
2025-09-15 22:20:51+10:00,,-0.106050007045269,
2025-09-15 22:20:52+10:00,,,9.781949996948242
2025-09-15 22:20:57+10:00,2.680950164794922,,
2025-09-15 22:20:58+10:00,,4.15500020980835,
2025-09-15 22:20:59+10:00,,,8.053950309753418
2025-09-15 22:21:02+10:00,2.4250500202178955,4.359000205993652,
2025-09-15 22:21:03+10:00,,,8.28795051574707
2025-09-15 22:21:05+10:00,2.2290000915527344,,
2025-09-15 22:21:07+10:00,,4.392000198364258,
2025-09-15 22:21:10+10:00,1.336050033569336,,
2025-09-15 22:21:11+10:00,,5.034000396728516,
2025-09-15 22:21:12+10:00,,,8.26395034790039
2025-09-15 22:21:13+10:00,1.2520500421524048,,
2025-09-15 22:21:14+10:00,,5.047950267791748,
2025-09-15 22:21:15+10:00,,,8.089950561523438
2025-09-15 22:21:16+10:00,1.38795006275177,,
2025-09-15 22:21:18+10:00,,4.978950023651123,
2025-09-15 22:21:20+10:00,,,8.25195026397705
2025-09-15 22:26:56+10:00,0.4999500215053558,5.0119500160217285,7.960050582885742
2025-09-15 22:32:13+10:00,-0.0190500002354383,,
2025-09-15 22:32:14+10:00,,-0.1129500046372413,
2025-09-15 22:32:15+10:00,,,9.781949996948242
2025-09-15 22:32:19+10:00,0.0,,
2025-09-15 22:32:20+10:00,,-0.1030500084161758,
2025-09-15 22:34:13+10:00,-0.0019500000635161,,
2025-09-15 22:34:14+10:00,,-0.1420500129461288,
2025-09-15 22:34:15+10:00,,,9.804000854492188
2025-09-15 22:34:17+10:00,-0.032999999821186,,
2025-09-15 22:34:20+10:00,0.0,,
2025-09-15 22:34:25+10:00,-0.106950007379055,,
2025-09-15 22:34:26+10:00,,9.010950088500977,
2025-09-15 22:34:27+10:00,,,3.318000078201294
2025-09-15 22:34:29+10:00,-0.0619500018656253,,
2025-09-15 22:34:33+10:00,,8.98905086517334,
2025-09-15 22:34:36+10:00,-0.0780000016093254,,
2025-09-15 22:34:40+10:00,-0.0570000037550926,,
2025-09-15 22:34:41+10:00,,8.995950698852539,
2025-09-15 22:34:42+10:00,-0.0709500014781951,,
2025-09-15 22:34:49+10:00,-0.0640500038862228,,
2025-09-15 22:34:52+10:00,-0.0949500054121017,,
2025-09-15 22:34:53+10:00,,9.006000518798828,
2025-09-15 22:34:55+10:00,-0.0659999996423721,,3.3109500408172607
2025-09-15 22:34:58+10:00,-0.0520500019192695,,
2025-09-15 22:35:05+10:00,-0.0570000037550926,,
2025-09-15 22:35:06+10:00,,8.986950874328613,
2025-09-15 22:35:08+10:00,,,3.3229501247406006
2025-09-15 22:35:10+10:00,-0.0619500018656253,,
2025-09-15 22:40:58+10:00,0.4159500300884247,,
2025-09-15 22:41:02+10:00,0.4549500346183777,,
2025-09-15 22:41:05+10:00,-0.8370000123977661,,
2025-09-15 22:41:06+10:00,,8.532000541687012,
2025-09-15 22:41:09+10:00,-0.0640500038862228,,
2025-09-15 22:41:10+10:00,,8.809050559997559,
2025-09-15 22:41:11+10:00,,,3.8299500942230233
2025-09-15 22:41:18+10:00,-0.0229500010609626,,
2025-09-15 22:41:21+10:00,-0.0760500058531761,,
2025-09-15 22:41:22+10:00,,8.782950401306152,
2025-09-15 22:41:23+10:00,,,3.835050106048584
2025-09-15 22:41:30+10:00,-0.0070500001311302,,
2025-09-15 22:41:31+10:00,,8.914950370788574,
2025-09-15 22:41:34+10:00,-0.0589500032365322,,
2025-09-15 22:41:35+10:00,,8.794950485229492,
2025-09-15 22:41:36+10:00,,,3.8179502487182617
2025-09-15 22:41:42+10:00,-0.0810000002384185,,
2025-09-15 22:41:43+10:00,,8.812050819396973,
2025-09-15 22:41:45+10:00,-0.0739500001072883,,
2025-09-15 22:41:47+10:00,-0.1960500031709671,,
2025-09-15 22:41:48+10:00,,8.728050231933594,
2025-09-15 22:41:49+10:00,,,4.450050354003906
2025-09-15 22:44:20+10:00,-0.0690000057220459,8.797950744628906,3.825000286102295
2025-09-15 23:21:53+10:00,0.0019500000635161,-0.106050007045269,9.796950340270996
2025-09-15 23:21:55+10:00,-2.71500015258789,0.0,
2025-09-15 23:21:57+10:00,,,6.8610005378723145
2025-09-15 23:21:58+10:00,0.3589500188827514,,
2025-09-15 23:21:59+10:00,,4.615050315856934,
2025-09-15 23:22:00+10:00,,,11.89905071258545
2025-09-15 23:22:01+10:00,2.530050039291382,,
2025-09-15 23:22:02+10:00,,7.04295015335083,
2025-09-15 23:22:03+10:00,,,-0.3660000264644623
2025-09-15 23:22:04+10:00,0.9499500393867492,,
2025-09-15 23:22:05+10:00,,4.110000133514404,
2025-09-15 23:22:06+10:00,,,8.25
2025-09-15 23:22:07+10:00,0.364050030708313,,
2025-09-15 23:22:08+10:00,,4.717950344085693,
2025-09-15 23:22:09+10:00,,,7.168050289154053
2025-09-15 23:22:10+10:00,0.7560000419616699,,
2025-09-15 23:22:11+10:00,,5.52495002746582,
2025-09-15 23:22:12+10:00,,,7.278000354766846
2025-09-15 23:22:13+10:00,-1.0600500106811523,,
2025-09-15 23:22:15+10:00,,0.2190000116825103,
2025-09-15 23:22:16+10:00,,,8.947050094604492
2025-09-15 23:22:18+10:00,0.1600500047206878,,
2025-09-15 23:22:19+10:00,,5.967000484466553,
2025-09-15 23:22:20+10:00,,,4.134000301361084
2025-09-15 23:22:21+10:00,-0.2220000177621841,,
2025-09-15 23:22:22+10:00,,3.406050205230713,
2025-09-15 23:22:23+10:00,,,4.716000080108643
2025-09-15 23:22:24+10:00,-2.050950050354004,,
2025-09-15 23:22:25+10:00,,5.866950511932373,
2025-09-15 23:22:26+10:00,,,7.062000274658203
2025-09-15 23:22:27+10:00,0.0829500034451484,,
2025-09-15 23:22:28+10:00,,5.392950057983398,
2025-09-15 23:22:29+10:00,,,7.635000228881836
2025-09-15 23:22:30+10:00,-0.3150000274181366,,
2025-09-15 23:22:31+10:00,,5.28000020980835,
2025-09-15 23:22:32+10:00,,,8.338950157165527
2025-09-15 23:22:33+10:00,0.0019500000635161,,
2025-09-15 23:22:34+10:00,,5.476950168609619,
2025-09-15 23:22:35+10:00,,,6.9810004234313965
2025-09-15 23:22:36+10:00,-0.2939999997615814,,
2025-09-15 23:22:37+10:00,,4.344000339508057,
2025-09-15 23:22:38+10:00,,,8.659049987792969
2025-09-15 23:22:39+10:00,-0.1930500119924545,,
2025-09-15 23:22:40+10:00,,4.275000095367432,
2025-09-15 23:22:41+10:00,,,8.800950050354004
2025-09-15 23:22:42+10:00,0.739050030708313,,
2025-09-15 23:22:43+10:00,,2.3209500312805176,
2025-09-15 23:22:44+10:00,,,9.969000816345217
2025-09-15 23:22:45+10:00,0.9480000734329224,,
2025-09-15 23:22:46+10:00,,2.898000240325928,
2025-09-15 23:22:47+10:00,,,8.986950874328613
2025-09-15 23:22:48+10:00,-1.0429500341415403,,
2025-09-15 23:22:49+10:00,,-1.7100000381469729,
2025-09-15 23:22:50+10:00,,,10.342950820922852
2025-09-15 23:22:52+10:00,-1.081950068473816,,
2025-09-15 23:22:53+10:00,,0.0700500011444091,
2025-09-15 23:22:54+10:00,,,9.62700080871582
2025-09-15 23:22:55+10:00,-0.921000063419342,,
2025-09-15 23:22:56+10:00,,0.2760000228881836,
2025-09-15 23:22:57+10:00,,,9.829950332641602
2025-09-15 23:22:58+10:00,-0.993000030517578,0.5089499950408936,
2025-09-15 23:23:00+10:00,,,9.961950302124023
2025-09-15 23:23:01+10:00,-0.7249500155448914,2.908050060272217,
2025-09-15 23:23:03+10:00,,,9.442049980163574
2025-09-15 23:23:04+10:00,4.680000305175781,6.408000469207764,
2025-09-15 23:23:06+10:00,,,5.1060004234313965
2025-09-15 23:23:07+10:00,1.293000102043152,2.51295018196106,
2025-09-15 23:23:09+10:00,,,8.439000129699707
2025-09-15 23:23:10+10:00,1.0890001058578491,2.16795015335083,
2025-09-15 23:23:12+10:00,,,9.439949989318848
2025-09-15 23:23:13+10:00,0.8929500579833984,2.0910000801086426,
2025-09-15 23:23:15+10:00,,,10.089000701904297
2025-09-15 23:23:16+10:00,-0.3589500188827514,1.8679500818252563,
2025-09-15 23:23:18+10:00,,,8.692950248718262
2025-09-15 23:23:19+10:00,1.0360500812530518,1.2049500942230225,
2025-09-15 23:23:21+10:00,,,9.070950508117676
2025-09-15 23:23:22+10:00,4.642050266265869,3.8010001182556152,
2025-09-15 23:23:24+10:00,,,6.967050552368164
2025-09-15 23:23:26+10:00,3.8419501781463614,4.98105001449585,
2025-09-15 23:23:28+10:00,,,6.799050331115723
2025-09-15 23:23:29+10:00,-0.0780000016093254,0.8100000619888306,
2025-09-15 23:23:31+10:00,0.7780500650405884,,11.353050231933594
2025-09-15 23:23:33+10:00,,5.781000137329102,
2025-09-15 23:23:34+10:00,1.50600004196167,,7.627950191497803
2025-09-15 23:23:36+10:00,,4.926000118255615,
2025-09-15 23:23:37+10:00,0.9720000624656676,,6.544950485229492
2025-09-15 23:23:38+10:00,,-0.7309500575065613,
2025-09-15 23:23:40+10:00,1.8649500608444212,,9.337050437927246
2025-09-15 23:23:41+10:00,,0.6019500494003296,
2025-09-15 23:23:43+10:00,1.1749500036239624,,10.59600067138672
2025-09-15 23:23:44+10:00,,0.76500004529953,
2025-09-15 23:23:46+10:00,-0.6630000472068787,,9.547950744628906
2025-09-15 23:23:47+10:00,,3.3169500827789307,
2025-09-15 23:23:49+10:00,2.9880001544952397,,9.508950233459473
2025-09-15 23:23:50+10:00,,3.898950099945069,
2025-09-15 23:23:52+10:00,1.1539500951766968,,8.374950408935547
2025-09-15 23:23:53+10:00,,3.837000131607056,
2025-09-15 23:23:55+10:00,1.7020500898361206,,8.968050003051758
2025-09-15 23:23:56+10:00,,4.3060503005981445,
2025-09-15 23:23:58+10:00,,,7.170000553131104
2025-09-15 23:23:59+10:00,-0.7579500079154968,,
2025-09-15 23:24:02+10:00,,3.882000207901001,10.120050430297852
2025-09-15 23:24:03+10:00,1.2300000190734863,,
2025-09-15 23:24:05+10:00,,3.484950065612793,7.888050556182861
2025-09-15 23:24:06+10:00,1.9459501504898071,,
2025-09-15 23:24:08+10:00,,-1.453950047492981,11.056050300598145
2025-09-15 23:24:09+10:00,1.4740500450134275,,
2025-09-15 23:24:11+10:00,,4.897050380706787,8.326950073242188
2025-09-15 23:24:12+10:00,0.4140000343322754,,
2025-09-15 23:24:14+10:00,,5.158050060272217,
2025-09-15 23:24:15+10:00,1.0699501037597656,,8.257050514221191
2025-09-15 23:24:17+10:00,,3.7669501304626474,
2025-09-15 23:24:18+10:00,-2.5249500274658203,,9.282000541687012
2025-09-15 23:24:20+10:00,,-0.703950047492981,
2025-09-15 23:24:21+10:00,-0.0190500002354383,,4.876049995422363
2025-09-15 23:24:23+10:00,,-0.0649500042200088,
2025-09-15 23:24:24+10:00,-0.0379500016570091,,9.868950843811035
2025-09-15 23:24:26+10:00,,-0.0409500002861022,
2025-09-15 23:24:27+10:00,-0.021000001579523,,9.837000846862791
2025-09-15 23:24:29+10:00,,-0.0580500029027462,
2025-09-15 23:24:30+10:00,,,9.784950256347656
2025-09-15 23:24:32+10:00,-0.0259500015527009,,
2025-09-15 23:24:33+10:00,,-0.0600000023841857,
2025-09-15 23:24:34+10:00,,,9.790050506591797
2025-09-15 23:24:35+10:00,-0.0349500030279159,-0.0510000027716159,
2025-09-15 23:24:37+10:00,-0.0139500005170702,,9.90195083618164
2025-09-15 23:24:38+10:00,,-0.0360000021755695,
2025-09-15 23:24:40+10:00,,,9.825000762939451
2025-09-15 23:24:41+10:00,-0.0450000017881393,-0.0390000008046627,
2025-09-15 23:24:43+10:00,-0.0280500017106533,,9.816000938415527
2025-09-15 23:24:44+10:00,,-0.0559500008821487,
2025-09-15 23:24:46+10:00,,,9.817950248718262
2025-09-15 23:24:47+10:00,-0.0139500005170702,,
2025-09-15 23:24:48+10:00,,,9.799050331115724
2025-09-15 23:24:49+10:00,-0.0310500022023916,-0.0630000010132789,
2025-09-15 23:24:51+10:00,-0.021000001579523,,9.793950080871582
2025-09-15 23:24:52+10:00,,-0.0529500022530555,
2025-09-15 23:24:54+10:00,,,9.811050415039062
2025-09-15 23:24:55+10:00,-0.0090000005438923,-0.0649500042200088,
2025-09-15 23:24:57+10:00,-0.0139500005170702,,9.751049995422363
2025-09-15 23:24:58+10:00,,-0.0580500029027462,
2025-09-15 23:25:00+10:00,,,9.793950080871582
2025-09-15 23:26:56+10:00,0.3280500173568725,,
2025-09-15 23:26:57+10:00,,4.014000415802002,
2025-09-15 23:26:58+10:00,,,8.986950874328613
2025-09-15 23:26:59+10:00,2.422950029373169,,
2025-09-15 23:27:00+10:00,,3.3979501724243164,
2025-09-15 23:27:01+10:00,,,8.056050300598145
2025-09-15 23:27:02+10:00,-0.1099500060081482,,
2025-09-15 23:27:03+10:00,,2.970000028610229,
2025-09-15 23:27:04+10:00,,,9.12405014038086
2025-09-15 23:27:05+10:00,2.3940000534057617,,
2025-09-15 23:27:06+10:00,,1.9360500574111936,
2025-09-15 23:27:07+10:00,,,9.559950828552246
2025-09-15 23:27:08+10:00,0.9190500378608704,,
2025-09-15 23:27:09+10:00,,-2.8570501804351807,
2025-09-15 23:27:10+10:00,,,10.49595069885254
2025-09-15 23:27:12+10:00,-4.948050022125244,,
2025-09-15 23:27:13+10:00,,1.8090001344680784,
2025-09-15 23:27:14+10:00,,,6.973950386047363
2025-09-15 23:27:15+10:00,-0.2530499994754791,,
2025-09-15 23:27:16+10:00,,-1.4010000228881836,
2025-09-15 23:27:17+10:00,,,10.357050895690918
2025-09-15 23:27:18+10:00,-0.3799500167369842,,
2025-09-15 23:27:19+10:00,,2.7019500732421875,
2025-09-15 23:27:20+10:00,,,1.0030500888824463
2025-09-15 23:27:21+10:00,0.3490500152111053,,
2025-09-15 23:27:22+10:00,,0.6550500392913818,
2025-09-15 23:27:23+10:00,,,12.463950157165527
2025-09-15 23:27:24+10:00,-0.9040500521659852,,
2025-09-15 23:27:25+10:00,,2.469000101089477,
2025-09-15 23:27:26+10:00,,,7.467000484466553
2025-09-15 23:27:27+10:00,1.6900501251220703,,
2025-09-15 23:27:28+10:00,,4.639050006866455,
2025-09-15 23:27:29+10:00,,,13.182000160217283
2025-09-15 23:27:30+10:00,-4.04295015335083,,
2025-09-15 23:27:31+10:00,,-0.19200000166893,
2025-09-15 23:27:32+10:00,,,17.001001358032227
2025-09-15 23:27:33+10:00,-1.711050033569336,,
2025-09-15 23:27:34+10:00,,0.0079500004649162,
2025-09-15 23:27:35+10:00,,,9.247950553894045
2025-09-15 23:27:36+10:00,-1.158000111579895,,
2025-09-15 23:27:37+10:00,,-1.927950143814087,
2025-09-15 23:27:38+10:00,,,10.77405071258545
2025-09-15 23:27:39+10:00,-1.4790000915527344,,
2025-09-15 23:27:40+10:00,,1.5169501304626465,
2025-09-15 23:27:41+10:00,,,9.007050514221191
2025-09-15 23:27:42+10:00,2.9040000438690186,,
2025-09-15 23:27:43+10:00,,2.2009501457214355,
2025-09-15 23:27:44+10:00,,,8.530050277709961
2025-09-15 23:27:46+10:00,2.2330501079559326,,
2025-09-15 23:27:47+10:00,,-1.0279500484466553,
2025-09-15 23:27:48+10:00,,,8.607000350952148
2025-09-15 23:27:49+10:00,-0.2939999997615814,,
2025-09-15 23:27:50+10:00,,2.0839500427246094,
2025-09-15 23:27:51+10:00,,,9.177000045776367
2025-09-15 23:27:52+10:00,-2.094000101089477,,
2025-09-15 23:27:53+10:00,,3.619050264358521,
2025-09-15 23:27:54+10:00,,,7.34505033493042
2025-09-15 23:27:55+10:00,1.3069500923156738,,
2025-09-15 23:27:56+10:00,,1.5280500650405884,
2025-09-15 23:27:57+10:00,,,8.346000671386719
2025-09-15 23:27:58+10:00,3.118950128555298,,
2025-09-15 23:27:59+10:00,,3.1489500999450684,
2025-09-15 23:28:00+10:00,,,8.047050476074219
2025-09-15 23:28:01+10:00,0.967050075531006,,
2025-09-15 23:28:02+10:00,,1.1599500179290771,
2025-09-15 23:28:03+10:00,,,9.91395092010498
2025-09-15 23:28:04+10:00,-1.1100000143051147,,
2025-09-15 23:28:05+10:00,,0.1660500019788742,
2025-09-15 23:28:06+10:00,,,10.434000968933104
2025-09-15 23:28:07+10:00,0.3730500042438507,,
2025-09-15 23:28:08+10:00,,2.2230000495910645,
2025-09-15 23:28:09+10:00,,,8.989950180053711
2025-09-15 23:28:10+10:00,-0.7849500179290771,,
2025-09-15 23:28:11+10:00,,3.283050060272217,
2025-09-15 23:28:12+10:00,,,8.964000701904297
2025-09-15 23:28:13+10:00,-0.781950056552887,,
2025-09-15 23:28:14+10:00,,2.734950065612793,
2025-09-15 23:28:15+10:00,,,9.363000869750977
2025-09-15 23:28:16+10:00,0.5719500184059143,,
2025-09-15 23:28:17+10:00,,2.1289501190185547,
2025-09-15 23:28:18+10:00,,,9.772950172424316
2025-09-15 23:28:21+10:00,0.3040500283241272,,
2025-09-15 23:28:22+10:00,,1.9039500951766968,
2025-09-15 23:28:23+10:00,,,9.847050666809082
2025-09-15 23:28:24+10:00,-0.5550000071525574,,
2025-09-15 23:28:25+10:00,,-2.3209500312805176,
2025-09-15 23:28:26+10:00,,,9.031050682067873
2025-09-15 23:28:27+10:00,4.591950416564941,,
2025-09-15 23:28:28+10:00,,2.6040000915527344,
2025-09-15 23:28:29+10:00,,,7.174950122833252
2025-09-15 23:28:30+10:00,-2.8849501609802246,,
2025-09-15 23:28:31+10:00,,-0.2020500153303146,
2025-09-15 23:28:32+10:00,,,9.052050590515137
2025-09-15 23:28:33+10:00,2.422950029373169,,
2025-09-15 23:28:34+10:00,,0.4560000300407409,
2025-09-15 23:28:35+10:00,,,8.427000045776367
2025-09-15 23:28:36+10:00,-0.3709500133991241,,
2025-09-15 23:28:38+10:00,,-0.7909500598907471,9.793950080871582
2025-09-15 23:28:39+10:00,-2.901000022888184,,
2025-09-15 23:28:40+10:00,,-0.8820000290870667,
2025-09-15 23:28:41+10:00,,,9.4350004196167
2025-09-15 23:28:42+10:00,4.201950073242188,,
2025-09-15 23:28:43+10:00,,2.8690500259399414,
2025-09-15 23:28:44+10:00,,,7.4410505294799805
2025-09-15 23:28:45+10:00,2.049000024795532,,
2025-09-15 23:28:46+10:00,,0.3550500273704529,
2025-09-15 23:28:47+10:00,,,9.87600040435791
2025-09-15 23:28:48+10:00,2.322000026702881,,
2025-09-15 23:28:49+10:00,,1.1260499954223633,
2025-09-15 23:28:50+10:00,,,7.210950374603271
2025-09-15 23:28:51+10:00,-0.8689500689506531,,
2025-09-15 23:28:52+10:00,,-1.4419500827789309,
2025-09-15 23:28:53+10:00,,,9.664950370788574
2025-09-15 23:28:55+10:00,1.50600004196167,,
2025-09-15 23:28:56+10:00,,-2.49495005607605,
2025-09-15 23:28:57+10:00,,,12.08595085144043
2025-09-15 23:28:58+10:00,3.7900502681732178,,
2025-09-15 23:28:59+10:00,,0.1090500056743621,
2025-09-15 23:29:00+10:00,,,10.939050674438477
2025-09-15 23:29:01+10:00,0.9690000414848328,,
2025-09-15 23:29:02+10:00,,-0.2400000095367431,
2025-09-15 23:29:03+10:00,,,9.790050506591797
2025-09-15 23:29:04+10:00,0.5119500160217285,,
2025-09-15 23:29:05+10:00,,-0.3760500252246856,
2025-09-15 23:29:06+10:00,,,9.711000442504885
2025-09-15 23:29:07+10:00,-1.9120501279830933,,
2025-09-15 23:29:08+10:00,,-1.2360000610351562,
2025-09-15 23:29:09+10:00,,,10.383000373840332
2025-09-15 23:29:10+10:00,-3.715050220489502,,
2025-09-15 23:29:11+10:00,,-0.0840000063180923,
2025-09-15 23:29:12+10:00,,,7.71405029296875
2025-09-15 23:29:13+10:00,-0.0090000005438923,,
2025-09-15 23:29:14+10:00,,-0.1080000028014183,
2025-09-15 23:29:15+10:00,,,9.804000854492188
2025-09-15 23:29:16+10:00,-0.0019500000635161,,
2025-09-15 23:29:17+10:00,,-0.096000000834465,
2025-09-15 23:29:18+10:00,,,9.805950164794922
2025-09-15 23:29:19+10:00,-0.0109500009566545,,
2025-09-15 23:29:20+10:00,,-0.0840000063180923,
2025-09-15 23:29:21+10:00,,,9.804000854492188
2025-09-15 23:29:22+10:00,-0.0090000005438923,,
2025-09-15 23:29:23+10:00,,-0.0910500064492225,
2025-09-15 23:29:24+10:00,,,9.756000518798828
2025-09-15 23:29:25+10:00,0.0139500005170702,,
2025-09-15 23:29:26+10:00,,-0.1030500084161758,
2025-09-15 23:29:27+10:00,,,9.787050247192385
2025-09-15 23:29:29+10:00,0.0240000002086162,,
2025-09-15 23:29:30+10:00,,-0.0790500044822692,
2025-09-15 23:29:31+10:00,,,9.802050590515137
2025-09-15 23:29:32+10:00,-0.0070500001311302,,
2025-09-15 23:29:33+10:00,,-0.0990000069141388,
2025-09-15 23:29:34+10:00,,,9.85200023651123
2025-09-15 23:29:35+10:00,-0.0280500017106533,,
2025-09-15 23:29:36+10:00,,-0.111000008881092,
2025-09-15 23:29:37+10:00,,,9.829950332641602
2025-09-15 23:29:38+10:00,-0.0229500010609626,,
2025-09-15 23:29:39+10:00,,-0.0889500007033348,
2025-09-15 23:29:40+10:00,,,9.784950256347656
2025-09-15 23:29:41+10:00,,-0.1080000028014183,
2025-09-15 23:29:42+10:00,,,9.793950080871582
2025-09-15 23:29:43+10:00,-0.0109500009566545,,
2025-09-15 23:29:44+10:00,,-0.1030500084161758,
2025-09-15 23:29:45+10:00,,,9.823050498962402
2025-09-15 23:29:46+10:00,0.0019500000635161,,
2025-09-15 23:29:47+10:00,,-0.1249500066041946,
2025-09-15 23:29:48+10:00,,,9.781949996948242
2025-09-15 23:29:49+10:00,-0.0070500001311302,,
2025-09-15 23:29:50+10:00,,-0.106050007045269,
2025-09-15 23:29:51+10:00,,,9.787050247192385
2025-09-15 23:29:52+10:00,,-0.1230000033974647,
2025-09-15 23:29:53+10:00,,,9.792000770568848
2025-09-15 23:29:54+10:00,0.0190500002354383,,
2025-09-15 23:29:55+10:00,,-0.096000000834465,
2025-09-15 23:29:56+10:00,,,9.793950080871582
2025-09-15 23:29:57+10:00,-0.0019500000635161,,
2025-09-15 23:29:58+10:00,,-0.1080000028014183,
2025-09-15 23:29:59+10:00,,,9.766050338745115
2025-09-15 23:30:01+10:00,-0.0109500009566545,,
2025-09-15 23:30:02+10:00,,-0.096000000834465,
2025-09-15 23:30:03+10:00,,,9.793950080871582
2025-09-15 23:30:04+10:00,,-0.1129500046372413,
2025-09-15 23:30:05+10:00,,,9.802050590515137
2025-09-15 23:30:06+10:00,0.0070500001311302,,
2025-09-15 23:30:07+10:00,,-0.0889500007033348,
2025-09-15 23:30:08+10:00,,,9.787050247192385
2025-09-15 23:30:09+10:00,0.0019500000635161,,
2025-09-15 23:30:10+10:00,,-0.0769500061869621,
2025-09-15 23:30:11+10:00,,,9.792000770568848
2025-09-15 23:30:13+10:00,0.0,-0.111000008881092,
2025-09-15 23:30:14+10:00,,,9.817950248718262
2025-09-15 23:30:15+10:00,0.0040500001050531,,
2025-09-15 23:30:17+10:00,,-0.0910500064492225,
2025-09-15 23:30:18+10:00,0.0019500000635161,,9.790050506591797
2025-09-15 23:30:20+10:00,,-0.0840000063180923,
2025-09-15 23:30:21+10:00,,,9.805950164794922
2025-09-15 23:30:23+10:00,-0.0139500005170702,,9.820950508117676
2025-09-15 23:30:25+10:00,-0.0040500001050531,,9.780000686645508
2025-09-15 23:30:27+10:00,0.0070500001311302,-0.106050007045269,
2025-09-15 23:30:28+10:00,,,9.799050331115724
2025-09-15 23:30:29+10:00,0.0139500005170702,,
2025-09-15 23:30:30+10:00,,-0.1150500029325485,
2025-09-15 23:30:31+10:00,,,9.780000686645508
2025-09-15 23:30:33+10:00,0.0019500000635161,,
2025-09-15 23:30:34+10:00,,-0.1030500084161758,
2025-09-15 23:30:35+10:00,,,9.799050331115724
2025-09-15 23:30:37+10:00,0.0,-0.0990000069141388,
2025-09-15 23:30:39+10:00,-0.0160500016063451,-0.0889500007033348,
2025-09-15 23:30:40+10:00,,,9.808950424194336
2025-09-15 23:30:41+10:00,-0.0229500010609626,,
2025-09-15 23:30:42+10:00,,-0.096000000834465,
2025-09-15 23:30:43+10:00,0.0070500001311302,,
2025-09-15 23:30:44+10:00,,-0.0910500064492225,
2025-09-15 23:30:45+10:00,,,9.796950340270996
2025-09-15 23:30:47+10:00,-0.0019500000635161,-0.0870000049471855,
2025-09-15 23:30:48+10:00,,,9.790050506591797
2025-09-15 23:30:49+10:00,0.0,,
2025-09-15 23:30:50+10:00,,,9.781949996948242
2025-09-15 23:30:51+10:00,-0.0139500005170702,,
2025-09-15 23:30:52+10:00,,-0.096000000834465,
2025-09-15 23:30:53+10:00,,,9.808950424194336
2025-09-15 23:32:38+10:00,-0.0349500030279159,,
2025-09-15 23:32:39+10:00,,-0.1180500090122222,
2025-09-15 23:32:40+10:00,,,9.756000518798828
2025-09-15 23:32:41+10:00,0.032999999821186,,
2025-09-15 23:32:42+10:00,,-0.0990000069141388,
2025-09-15 23:32:43+10:00,,,9.772950172424316
2025-09-15 23:32:44+10:00,0.0160500016063451,,
2025-09-15 23:32:45+10:00,,-0.0870000049471855,
2025-09-15 23:32:46+10:00,,,9.751049995422363
2025-09-15 23:32:47+10:00,0.0019500000635161,,
2025-09-15 23:32:48+10:00,,-0.106050007045269,
2025-09-15 23:32:49+10:00,,,9.768000602722168
2025-09-15 23:32:51+10:00,-0.0019500000635161,,
2025-09-15 23:32:52+10:00,,-0.0889500007033348,
2025-09-15 23:32:53+10:00,,,9.763050079345703
2025-09-15 23:32:54+10:00,0.0139500005170702,,
2025-09-15 23:32:55+10:00,,-0.1180500090122222,
2025-09-15 23:32:56+10:00,,,9.744000434875488
2025-09-15 23:32:57+10:00,-0.0190500002354383,,
2025-09-15 23:32:59+10:00,,-0.1080000028014183,
2025-09-15 23:33:00+10:00,,,9.768000602722168
2025-09-15 23:33:01+10:00,-0.0109500009566545,,
2025-09-15 23:33:02+10:00,,-0.1129500046372413,
2025-09-15 23:33:03+10:00,,,9.720000267028809
2025-09-15 23:33:04+10:00,0.0019500000635161,,
2025-09-15 23:33:05+10:00,,-0.1200000047683715,
2025-09-15 23:33:07+10:00,0.0090000005438923,,9.813000679016112
2025-09-15 23:33:08+10:00,,-0.0990000069141388,
2025-09-15 23:33:09+10:00,,,9.723000526428224
2025-09-15 23:33:10+10:00,-0.0109500009566545,,
2025-09-15 23:33:11+10:00,,-0.1270500123500824,
2025-09-15 23:33:13+10:00,0.0090000005438923,,9.793950080871582
2025-09-15 23:33:14+10:00,,-0.111000008881092,
2025-09-15 23:33:15+10:00,,,9.805950164794922
2025-09-15 23:33:16+10:00,0.0139500005170702,,
2025-09-15 23:33:17+10:00,,-0.096000000834465,
2025-09-15 23:33:19+10:00,-0.0160500016063451,,9.811050415039062
2025-09-15 23:33:20+10:00,,-0.135000005364418,
2025-09-15 23:33:21+10:00,,,9.754050254821776
2025-09-15 23:33:22+10:00,-0.0019500000635161,,
2025-09-15 23:33:23+10:00,,-0.106050007045269,
2025-09-15 23:33:25+10:00,,,9.781949996948242
2025-09-15 23:33:26+10:00,0.0019500000635161,,
2025-09-15 23:33:27+10:00,,-0.096000000834465,
2025-09-15 23:33:29+10:00,-0.0070500001311302,,9.787050247192385
2025-09-15 23:33:30+10:00,,-0.0889500007033348,
2025-09-15 23:33:31+10:00,,,9.751049995422363
2025-09-15 23:33:32+10:00,,-0.0870000049471855,
2025-09-15 23:33:33+10:00,,,9.790050506591797
2025-09-15 23:33:34+10:00,0.0120000001043081,,
2025-09-15 23:33:35+10:00,,-0.0940500050783157,
2025-09-15 23:33:37+10:00,0.0,,9.784950256347656
2025-09-15 23:33:39+10:00,3.2920501232147217,,9.780000686645508
2025-09-15 23:33:40+10:00,,3.5179500579833984,
2025-09-15 23:33:41+10:00,,,2.887050151824951
2025-09-15 23:33:42+10:00,-2.1880500316619877,,
2025-09-15 23:33:43+10:00,,7.999950408935547,
2025-09-15 23:33:44+10:00,,,-0.032999999821186
2025-09-15 23:33:45+10:00,-23.904001235961918,,
2025-09-15 23:33:46+10:00,,-17.70600128173828,
2025-09-15 23:33:47+10:00,,,21.71805191040039
2025-09-15 23:33:48+10:00,0.3109500110149383,,
2025-09-15 23:33:49+10:00,,-8.10300064086914,
2025-09-15 23:33:50+10:00,,,6.7699503898620605
2025-09-15 23:33:51+10:00,-2.3340001106262207,,
2025-09-15 23:33:52+10:00,,-10.51395034790039,
2025-09-15 23:33:54+10:00,,,14.857951164245604
2025-09-15 23:33:56+10:00,-0.8010000586509705,,
2025-09-15 23:33:57+10:00,,0.2950500249862671,
2025-09-15 23:33:58+10:00,,,7.840950489044189
2025-09-15 23:33:59+10:00,3.0430500507354736,,
2025-09-15 23:34:00+10:00,,1.6050000190734863,
2025-09-15 23:34:01+10:00,,,6.664950370788574
2025-09-15 23:34:02+10:00,2.848950147628784,,
2025-09-15 23:34:03+10:00,,1.7419500350952148,
2025-09-15 23:34:04+10:00,,,8.293050765991211
2025-09-15 23:34:05+10:00,1.0049999952316284,,
2025-09-15 23:34:06+10:00,,-3.052950143814087,
2025-09-15 23:34:07+10:00,,,13.51995086669922
2025-09-15 23:34:08+10:00,0.0979500040411949,,
2025-09-15 23:34:09+10:00,,-3.8839502334594727,
2025-09-15 23:34:10+10:00,,,9.754050254821776
2025-09-15 23:34:11+10:00,0.5070000290870667,,
2025-09-15 23:34:12+10:00,,-2.863950252532959,
2025-09-15 23:34:13+10:00,,,9.069000244140623
2025-09-15 23:34:14+10:00,0.3420000076293945,,
2025-09-15 23:34:15+10:00,,-3.24495005607605,
2025-09-15 23:34:16+10:00,,,9.367950439453123
2025-09-15 23:34:17+10:00,0.2389500141143798,,
2025-09-15 23:34:18+10:00,,-2.8090500831604004,
2025-09-15 23:34:20+10:00,0.9690000414848328,,9.265050888061523
2025-09-15 23:34:21+10:00,,-0.8550000190734863,
2025-09-15 23:34:22+10:00,,,11.635950088500977
2025-09-15 23:34:23+10:00,1.6180500984191897,,
2025-09-15 23:34:24+10:00,,-0.3190500140190124,
2025-09-15 23:34:26+10:00,1.755000114440918,,9.706050872802734
2025-09-15 23:34:27+10:00,,-1.984950065612793,
2025-09-15 23:34:28+10:00,,,9.289050102233888
2025-09-15 23:34:30+10:00,0.9529500603675842,,
2025-09-15 23:34:31+10:00,,0.8770500421524048,
2025-09-15 23:34:32+10:00,,,9.768000602722168
2025-09-15 23:34:33+10:00,3.3919501304626465,,
2025-09-15 23:34:34+10:00,,-2.8620002269744877,
2025-09-15 23:34:36+10:00,0.556950032711029,,13.909950256347656
2025-09-15 23:34:37+10:00,,0.286050021648407,
2025-09-15 23:34:38+10:00,,,9.010950088500977
2025-09-15 23:34:39+10:00,0.3780000209808349,,
2025-09-15 23:34:40+10:00,,-1.1350500583648682,
2025-09-15 23:34:42+10:00,0.4570500254631042,,10.218000411987305
2025-09-15 23:34:43+10:00,,1.2940500974655151,
2025-09-15 23:34:44+10:00,,,8.679000854492188
2025-09-15 23:34:45+10:00,2.526000022888184,,
2025-09-15 23:34:46+10:00,,2.508000135421753,
2025-09-15 23:34:48+10:00,2.020050048828125,,8.631000518798828
2025-09-15 23:34:49+10:00,,2.158050060272217,
2025-09-15 23:34:50+10:00,,,9.65505027770996
2025-09-15 23:34:51+10:00,-1.443000078201294,,
2025-09-15 23:34:52+10:00,,1.3609501123428345,
2025-09-15 23:34:54+10:00,3.2179501056671143,,9.646050453186035
2025-09-15 23:34:55+10:00,,1.114050030708313,
2025-09-15 23:34:56+10:00,,,20.691001892089844
2025-09-15 23:34:57+10:00,0.0,,
2025-09-15 23:34:58+10:00,,-0.0700500011444091,
2025-09-15 23:35:00+10:00,0.0019500000635161,,9.813000679016112
2025-09-15 23:35:01+10:00,,-0.100950002670288,
2025-09-15 23:35:02+10:00,,,9.792000770568848
2025-09-15 23:35:04+10:00,-0.0040500001050531,,
2025-09-15 23:35:05+10:00,,-0.0600000023841857,
2025-09-15 23:35:06+10:00,,,9.805950164794922
2025-09-15 23:35:07+10:00,0.0070500001311302,,
2025-09-15 23:35:08+10:00,,-0.0820500031113624,
2025-09-15 23:35:10+10:00,-0.0019500000635161,,9.780000686645508
2025-09-15 23:35:12+10:00,-0.0090000005438923,,9.778050422668455
2025-09-15 23:35:13+10:00,,-0.0940500050783157,
2025-09-15 23:35:14+10:00,,,9.784950256347656
2025-09-15 23:35:15+10:00,-0.0190500002354383,,
2025-09-15 23:35:16+10:00,,-0.0790500044822692,
2025-09-15 23:35:18+10:00,-0.0040500001050531,,9.811050415039062
2025-09-15 23:35:19+10:00,,-0.0649500042200088,
2025-09-15 23:35:20+10:00,,,9.793950080871582
2025-09-15 23:35:21+10:00,-0.0019500000635161,,
2025-09-15 23:35:22+10:00,,-0.0769500061869621,
2025-09-15 23:35:24+10:00,0.0019500000635161,,9.796950340270996
2025-09-15 23:35:26+10:00,0.0040500001050531,,9.787050247192385
2025-09-15 23:35:27+10:00,,-0.072000004351139,
2025-09-15 23:35:28+10:00,0.0,,
2025-09-15 23:35:29+10:00,,-0.0820500031113624,
2025-09-15 23:35:30+10:00,,,9.796950340270996
2025-09-15 23:35:32+10:00,0.0040500001050531,,
2025-09-15 23:35:33+10:00,,-0.0649500042200088,9.780000686645508
2025-09-15 23:35:54+10:00,0.4140000343322754,,
2025-09-15 23:35:55+10:00,,5.956050395965576,
2025-09-15 23:35:56+10:00,,,4.351950168609619
2025-09-15 23:35:57+10:00,-1.3450500965118408,,
2025-09-15 23:35:58+10:00,,-6.052950382232666,
2025-09-15 23:35:59+10:00,,,19.723051071166992
2025-09-15 23:36:00+10:00,0.9720000624656676,,
2025-09-15 23:36:01+10:00,,4.477950096130371,
2025-09-15 23:36:02+10:00,,,8.26395034790039
2025-09-15 23:36:03+10:00,1.350000023841858,,
2025-09-15 23:36:04+10:00,,4.464000225067139,
2025-09-15 23:36:05+10:00,,,8.389050483703613
2025-09-15 23:36:06+10:00,4.093950271606445,,
2025-09-15 23:36:07+10:00,,0.5920500159263611,
2025-09-15 23:36:08+10:00,,,10.50105094909668
2025-09-15 23:36:09+10:00,2.368050098419189,,
2025-09-15 23:36:10+10:00,,2.260950088500977,
2025-09-15 23:36:11+10:00,,,9.094950675964355
2025-09-15 23:36:12+10:00,1.8739501237869265,,
2025-09-15 23:36:13+10:00,,4.1670002937316895,
2025-09-15 23:36:14+10:00,,,8.401050567626953
2025-09-15 23:36:16+10:00,1.6560001373291016,,
2025-09-15 23:36:17+10:00,,4.263000011444092,
2025-09-15 23:36:18+10:00,,,8.868000030517578
2025-09-15 23:36:19+10:00,1.0049999952316284,,
2025-09-15 23:36:20+10:00,,4.543050289154053,
2025-09-15 23:36:21+10:00,,,8.398050308227539
2025-09-15 23:36:22+10:00,0.6960000395774841,,
2025-09-15 23:36:23+10:00,,5.151000022888184,
2025-09-15 23:36:24+10:00,,,8.242950439453125
2025-09-15 23:36:25+10:00,-1.371000051498413,,
2025-09-15 23:36:26+10:00,,-3.871950149536133,
2025-09-15 23:36:27+10:00,,,13.129950523376465
2025-09-15 23:36:28+10:00,0.4620000123977661,,
2025-09-15 23:36:29+10:00,,4.3660502433776855,
2025-09-15 23:36:30+10:00,,,6.2719502449035645
2025-09-15 23:36:31+10:00,-1.1850000619888306,,
2025-09-15 23:36:32+10:00,,2.376000165939331,
2025-09-15 23:36:33+10:00,,,8.820000648498535
2025-09-15 23:36:34+10:00,2.049000024795532,,
2025-09-15 23:36:35+10:00,,0.6109500527381897,
2025-09-15 23:36:36+10:00,,,10.16295051574707
2025-09-15 23:36:37+10:00,3.498000144958496,,
2025-09-15 23:36:38+10:00,,5.380950450897217,
2025-09-15 23:36:39+10:00,,,5.359950065612793
2025-09-15 23:36:40+10:00,-0.8470500111579895,,
2025-09-15 23:36:41+10:00,,-0.7279500365257263,
2025-09-15 23:36:42+10:00,,,11.695050239562988
2025-09-15 23:36:43+10:00,4.0410003662109375,,
2025-09-15 23:36:44+10:00,,3.262050151824951,
2025-09-15 23:36:45+10:00,,,8.401050567626953
2025-09-15 23:36:46+10:00,3.1909501552581787,,
2025-09-15 23:36:47+10:00,,2.7709500789642334,
2025-09-15 23:36:48+10:00,,,8.932050704956055
2025-09-15 23:36:50+10:00,1.9870500564575195,,
2025-09-15 23:36:51+10:00,,3.6000001430511475,
2025-09-15 23:36:52+10:00,,,8.710050582885742
2025-09-15 23:36:53+10:00,-1.4220000505447388,,
2025-09-15 23:36:54+10:00,,2.845050096511841,
2025-09-15 23:36:55+10:00,,,9.157050132751465
2025-09-15 23:36:56+10:00,-0.5929500460624695,,
2025-09-15 23:36:57+10:00,,2.9820001125335693,
2025-09-15 23:36:58+10:00,,,7.960050582885742
2025-09-15 23:36:59+10:00,-0.3709500133991241,,
2025-09-15 23:37:00+10:00,,3.112950086593628,
2025-09-15 23:37:01+10:00,,,9.258000373840332
2025-09-15 23:37:02+10:00,1.6710001230239868,,
2025-09-15 23:37:03+10:00,,4.858950138092041,
2025-09-15 23:37:04+10:00,,,8.221050262451172
2025-09-15 23:37:05+10:00,1.9489500522613523,,
2025-09-15 23:37:06+10:00,,4.792050361633301,
2025-09-15 23:37:07+10:00,,,8.437050819396973
2025-09-15 23:37:08+10:00,3.031050205230713,,
2025-09-15 23:37:09+10:00,,4.915950298309326,
2025-09-15 23:37:10+10:00,,,7.780950546264648
2025-09-15 23:37:11+10:00,4.45995044708252,,
2025-09-15 23:37:12+10:00,,5.398050308227539,
2025-09-15 23:37:13+10:00,,,6.97605037689209
2025-09-15 23:37:14+10:00,-8.425050735473633,,
2025-09-15 23:37:15+10:00,,-3.8530502319335938,
2025-09-15 23:37:16+10:00,,,12.031050682067873
2025-09-15 23:37:17+10:00,-0.0310500022023916,,
2025-09-15 23:37:18+10:00,,-0.0630000010132789,
2025-09-15 23:37:19+10:00,,,9.756000518798828
2025-09-15 23:37:20+10:00,-0.0379500016570091,,
2025-09-15 23:37:21+10:00,,-0.0529500022530555,
2025-09-15 23:37:22+10:00,,,9.829950332641602
2025-09-15 23:37:24+10:00,-0.0259500015527009,,
2025-09-15 23:37:25+10:00,,-0.0510000027716159,
2025-09-15 23:37:26+10:00,,,9.808950424194336
2025-09-15 23:37:27+10:00,-0.0469500012695789,,
2025-09-15 23:37:28+10:00,,-0.0600000023841857,
2025-09-15 23:37:29+10:00,,,9.780000686645508
2025-09-15 23:37:30+10:00,-0.0280500017106533,,
2025-09-15 23:37:31+10:00,,-0.0510000027716159,
2025-09-15 23:37:32+10:00,-0.0229500010609626,,
2025-09-15 23:37:33+10:00,,-0.0460500009357929,
2025-09-15 23:37:34+10:00,-0.0259500015527009,,
2025-09-15 23:37:35+10:00,,-0.0580500029027462,
2025-09-15 23:37:36+10:00,,,9.778050422668455
2025-09-15 23:37:37+10:00,-0.0190500002354383,,
2025-09-15 23:37:39+10:00,,-0.0439500026404857,
2025-09-15 23:37:40+10:00,,,9.781949996948242
2025-09-15 23:37:41+10:00,-0.032999999821186,,
2025-09-15 23:37:42+10:00,,-0.0580500029027462,
2025-09-15 23:37:43+10:00,,,9.817950248718262
2025-09-15 23:37:44+10:00,-0.0280500017106533,,
2025-09-15 23:37:45+10:00,,-0.0630000010132789,
2025-09-15 23:37:46+10:00,,,9.781949996948242
2025-09-15 23:37:47+10:00,-0.0349500030279159,,
2025-09-15 23:37:48+10:00,,-0.0360000021755695,
2025-09-15 23:37:49+10:00,,,9.796950340270996
2025-09-15 23:37:50+10:00,-0.021000001579523,,
2025-09-15 23:37:51+10:00,,-0.0480000004172325,
2025-09-15 23:37:52+10:00,,,9.844950675964355
2025-09-15 23:37:53+10:00,-0.0640500038862228,,
2025-09-15 23:37:54+10:00,,-0.0340500026941299,
2025-09-15 23:37:55+10:00,,,9.778050422668455
2025-09-15 23:37:57+10:00,-0.0690000057220459,,
2025-09-15 23:37:58+10:00,,0.0010500000789761,
2025-09-15 23:37:59+10:00,,,9.849000930786133
2025-09-15 23:38:00+10:00,-0.0450000017881393,,
2025-09-15 23:38:01+10:00,,-0.0559500008821487,
2025-09-15 23:38:02+10:00,,,9.796950340270996
2025-09-15 23:38:03+10:00,-0.0400500036776065,,
2025-09-15 23:38:04+10:00,,-0.0480000004172325,
2025-09-15 23:38:05+10:00,,,9.805950164794922
2025-09-15 23:38:06+10:00,-0.0310500022023916,,
2025-09-15 23:38:07+10:00,,-0.0529500022530555,
2025-09-15 23:38:08+10:00,,,9.799050331115724
2025-09-15 23:38:09+10:00,-0.0430500023066997,,
2025-09-15 23:38:10+10:00,,-0.0580500029027462,
2025-09-15 23:38:11+10:00,,,9.804000854492188
2025-09-15 23:38:12+10:00,-0.0229500010609626,,
2025-09-15 23:38:13+10:00,,-0.0649500042200088,
2025-09-15 23:38:14+10:00,,,9.802050590515137
2025-09-15 23:38:15+10:00,-0.0160500016063451,,
2025-09-15 23:38:16+10:00,,-0.0559500008821487,
2025-09-15 23:38:17+10:00,,,9.808950424194336
2025-09-15 23:38:18+10:00,-0.0109500009566545,,
2025-09-15 23:38:19+10:00,,-0.0510000027716159,
2025-09-15 23:38:20+10:00,,,9.790050506591797
2025-09-15 23:38:21+10:00,-0.0310500022023916,,
2025-09-15 23:38:22+10:00,,-0.0559500008821487,
2025-09-15 23:38:23+10:00,,,9.804000854492188
2025-09-15 23:38:24+10:00,-0.0280500017106533,,
2025-09-15 23:38:25+10:00,,-0.0600000023841857,
2025-09-15 23:38:26+10:00,,,9.82800006866455
2025-09-15 23:38:27+10:00,-0.0400500036776065,,
2025-09-15 23:38:28+10:00,,-0.9799500703811646,
2025-09-15 23:38:29+10:00,,,9.861000061035156
2025-09-15 23:38:31+10:00,-0.0379500016570091,,
2025-09-15 23:38:32+10:00,,-0.1150500029325485,
2025-09-15 23:38:33+10:00,,,9.816000938415527
2025-09-15 23:38:34+10:00,-0.0400500036776065,,
2025-09-15 23:38:35+10:00,,-0.139050006866455,
2025-09-15 23:38:36+10:00,,,9.793950080871582
2025-09-15 23:38:37+10:00,-0.0450000017881393,,
2025-09-15 23:38:38+10:00,,-0.1699500083923339,
2025-09-15 23:38:39+10:00,,,9.820950508117676
2025-09-15 23:38:40+10:00,-0.0379500016570091,,
2025-09-15 23:38:41+10:00,,-0.1440000087022781,
2025-09-15 23:38:42+10:00,,,9.796950340270996
2025-09-15 23:38:43+10:00,-0.0229500010609626,,
2025-09-15 23:38:44+10:00,,-0.1300500035285949,
2025-09-15 23:38:45+10:00,,,9.787050247192385
2025-09-15 23:38:46+10:00,,-0.1200000047683715,
2025-09-15 23:38:47+10:00,,,9.780000686645508
2025-09-15 23:38:48+10:00,-0.0280500017106533,,
2025-09-15 23:38:49+10:00,,-0.1230000033974647,
2025-09-15 23:38:50+10:00,,,9.790050506591797
2025-09-15 23:38:52+10:00,3.8419501781463614,,
2025-09-15 23:38:53+10:00,,-0.6469500064849854,
2025-09-15 23:38:54+10:00,,,9.105000495910645
2025-09-16 09:28:18+10:00,2.6959500312805176,1.630950093269348,9.13800048828125
2025-09-16 09:28:20+10:00,2.12595009803772,1.7130000591278076,
2025-09-16 09:28:22+10:00,,,9.406050682067873
2025-09-16 09:28:23+10:00,1.9840500354766848,,
2025-09-16 09:28:24+10:00,,1.9830000400543213,
2025-09-16 09:28:25+10:00,,,9.342000007629396
2025-09-16 09:28:26+10:00,1.9489500522613523,,
2025-09-16 09:28:27+10:00,,2.351999998092652,
2025-09-16 09:28:28+10:00,,,9.246000289916992
2025-09-16 09:28:29+10:00,-0.2749500274658203,,
2025-09-16 09:28:30+10:00,,2.425950050354004,
2025-09-16 09:28:31+10:00,,,9.17205047607422
2025-09-16 09:28:32+10:00,-0.9040500521659852,,
2025-09-16 09:28:33+10:00,,-3.1030502319335938,
2025-09-16 09:28:34+10:00,,,9.19800090789795
2025-09-16 09:28:35+10:00,0.8520000576972961,,
2025-09-16 09:28:36+10:00,,2.838000059127808,
2025-09-16 09:28:37+10:00,,,8.527950286865234
2025-09-16 09:28:39+10:00,-0.4759500324726105,,
2025-09-16 09:28:40+10:00,,-3.609000205993652,
2025-09-16 09:28:41+10:00,,,9.032999992370604
2025-09-16 09:28:42+10:00,-1.165050029754639,,
2025-09-16 09:28:43+10:00,,-1.198050022125244,
2025-09-16 09:28:44+10:00,,,9.856950759887695
2025-09-16 09:28:45+10:00,0.5410500168800354,,
2025-09-16 09:28:46+10:00,,2.556000232696533,
2025-09-16 09:28:47+10:00,,,9.45900058746338
2025-09-16 09:28:48+10:00,0.0450000017881393,,
2025-09-16 09:28:49+10:00,,2.896050214767456,
2025-09-16 09:28:50+10:00,,,9.30405044555664
2025-09-16 09:28:51+10:00,-0.5119500160217285,,
2025-09-16 09:28:52+10:00,,-1.699950098991394,
2025-09-16 09:28:53+10:00,,,10.38105010986328
2025-09-16 09:28:54+10:00,-0.3850500285625458,,
2025-09-16 09:28:55+10:00,,-2.1820499897003174,
2025-09-16 09:28:56+10:00,,,9.825000762939451
2025-09-16 09:28:57+10:00,2.1090002059936523,,
2025-09-16 09:28:58+10:00,,2.508000135421753,
2025-09-16 09:29:00+10:00,3.121950149536133,,9.022950172424316
2025-09-16 09:29:01+10:00,,3.4180500507354736,
2025-09-16 09:29:02+10:00,,,8.683050155639648
2025-09-16 09:29:04+10:00,2.6329500675201416,4.01894998550415,
2025-09-16 09:29:06+10:00,,,8.487000465393066
2025-09-16 09:29:07+10:00,1.9609501361846924,3.525000095367432,
2025-09-16 09:29:08+10:00,,,8.881950378417969
2025-09-16 09:29:09+10:00,1.8600001335144043,,
2025-09-16 09:29:10+10:00,,3.889050245285034,
2025-09-16 09:29:11+10:00,,,8.698050498962402
2025-09-16 09:29:13+10:00,1.9530000686645508,,
2025-09-16 09:29:14+10:00,,4.162050247192383,
2025-09-16 09:29:20+10:00,5.695950508117676,2.848050117492676,7.249050140380859
2025-09-16 09:29:24+10:00,3.246000051498413,2.335050106048584,8.503950119018555
2025-09-16 09:29:25+10:00,2.410950183868408,,
2025-09-16 09:29:29+10:00,0.4710000157356262,4.99500036239624,8.070000648498535
2025-09-16 09:29:30+10:00,,4.891950130462647,
2025-09-16 09:29:31+10:00,,,8.130000114440918
2025-09-16 09:29:32+10:00,0.739050030708313,,
2025-09-16 09:29:33+10:00,,5.152950286865234,
2025-09-16 09:29:34+10:00,,,7.756950378417969
2025-09-16 09:29:35+10:00,2.4469501972198486,,
2025-09-16 09:29:41+10:00,1.5319501161575315,,
2025-09-16 09:29:44+10:00,-0.0430500023066997,,
2025-09-16 09:29:45+10:00,,3.0510001182556152,
2025-09-16 09:29:46+10:00,,,9.214950561523438
2025-09-16 09:29:48+10:00,0.1620000004768371,,
2025-09-16 09:29:49+10:00,,3.078000068664551,
2025-09-16 09:29:50+10:00,,,9.133950233459473
2025-09-16 09:29:51+10:00,0.0570000037550926,,
2025-09-16 09:29:52+10:00,,3.1710002422332764,
2025-09-16 09:30:00+10:00,-0.0469500012695789,,
2025-09-16 09:30:01+10:00,,-0.0439500026404857,
2025-09-16 09:30:02+10:00,,,9.768000602722168
2025-09-16 09:30:03+10:00,,-0.0510000027716159,
2025-09-16 09:30:04+10:00,,,9.781949996948242
2025-09-16 09:30:05+10:00,-0.0229500010609626,,
2025-09-16 09:30:06+10:00,,,9.813000679016112
2025-09-16 09:30:13+10:00,0.5380499958992004,,
2025-09-16 09:30:14+10:00,,1.2439500093460083,
2025-09-16 09:30:15+10:00,,,9.688950538635254
2025-09-16 09:30:17+10:00,0.8179500102996826,,
2025-09-16 09:30:18+10:00,,0.9420000314712524,
2025-09-16 09:30:19+10:00,,,9.648000717163086
2025-09-16 09:30:20+10:00,0.3709500133991241,,
2025-09-16 09:30:28+10:00,3.759000062942505,,
2025-09-16 09:30:29+10:00,,1.042050004005432,
2025-09-16 09:30:30+10:00,,,9.02595043182373
2025-09-16 09:30:35+10:00,3.0139501094818115,,
2025-09-16 09:30:42+10:00,0.6270000338554382,,
2025-09-16 09:30:43+10:00,,4.768050193786621,
2025-09-16 09:30:44+10:00,,,5.587950229644775
2025-09-16 09:30:46+10:00,6.852000236511231,,
2025-09-16 09:30:47+10:00,,1.5049500465393066,
2025-09-16 09:30:48+10:00,,,7.695000171661377
2025-09-16 09:30:49+10:00,3.727950096130371,,
2025-09-16 09:30:57+10:00,0.9360000491142272,,
2025-09-16 09:30:58+10:00,,3.433950185775757,
2025-09-16 09:30:59+10:00,,,9.046950340270996
2025-09-16 09:31:00+10:00,0.7510500550270081,,
2025-09-16 09:31:01+10:00,,3.475050210952759,
2025-09-16 09:31:02+10:00,,,9.129000663757324
2025-09-16 09:31:03+10:00,0.1309500038623809,,
2025-09-16 09:31:11+10:00,0.556950032711029,,
2025-09-16 09:31:12+10:00,,3.894000291824341,
2025-09-16 09:31:13+10:00,,,9.11400032043457
2025-09-16 09:31:14+10:00,0.2340000122785568,,
2025-09-16 09:31:15+10:00,,3.841050148010254,
2025-09-16 09:31:16+10:00,,,9.481050491333008
2025-09-16 09:31:17+10:00,0.8209500312805176,,
2025-09-16 09:31:20+10:00,0.4549500346183777,,
2025-09-16 09:31:24+10:00,-0.0160500016063451,,
2025-09-16 09:31:25+10:00,,3.813000202178955,
2025-09-16 09:31:26+10:00,,,9.13800048828125
2025-09-16 09:31:28+10:00,0.0160500016063451,,
2025-09-16 09:31:29+10:00,,2.8570501804351807,
2025-09-16 09:31:30+10:00,,,9.415950775146484
2025-09-16 09:31:34+10:00,-0.0280500017106533,,
2025-09-16 09:31:38+10:00,-0.0450000017881393,,
2025-09-16 09:31:39+10:00,,-0.0460500009357929,
2025-09-16 09:31:40+10:00,,,9.793950080871582
2025-09-16 09:31:43+10:00,,-0.0439500026404857,
2025-09-16 09:31:44+10:00,,,9.802050590515137
2025-09-16 09:31:48+10:00,-0.0310500022023916,,
2025-09-16 09:31:52+10:00,2.3269500732421875,,
2025-09-16 09:31:53+10:00,,4.840050220489502,
2025-09-16 09:31:54+10:00,,,8.56095027923584
2025-09-16 09:31:56+10:00,1.327950119972229,,
2025-09-16 09:31:57+10:00,,3.6040501594543457,
2025-09-16 09:31:58+10:00,,,9.775050163269045
2025-09-16 09:31:59+10:00,0.4950000345706939,,
2025-09-16 09:32:07+10:00,-0.1170000061392784,,
2025-09-16 09:32:08+10:00,,4.323000431060791,
2025-09-16 09:32:09+10:00,,,8.680950164794922
2025-09-16 09:32:10+10:00,-0.361050009727478,,
2025-09-16 09:32:11+10:00,,4.179000377655029,
2025-09-16 09:32:12+10:00,,,8.832000732421875
2025-09-16 09:32:13+10:00,0.0760500058531761,,
2025-09-16 09:32:21+10:00,-0.0430500023066997,,
2025-09-16 09:32:22+10:00,,4.468950271606445,
2025-09-16 09:32:23+10:00,,,9.028050422668455
2025-09-16 09:32:24+10:00,0.0810000002384185,,
2025-09-16 09:32:25+10:00,,4.459050178527832,
2025-09-16 09:32:26+10:00,,,8.449049949645996
2025-09-16 09:32:27+10:00,0.2490000128746032,,
2025-09-16 09:32:35+10:00,0.3970500230789184,,
2025-09-16 09:32:36+10:00,,1.6819500923156738,
2025-09-16 09:32:37+10:00,,,9.55305004119873
2025-09-16 09:32:40+10:00,0.9619500637054444,,
2025-09-16 09:32:41+10:00,,-0.1319999992847442,
2025-09-16 09:32:42+10:00,,,9.907050132751465
2025-09-16 09:32:48+10:00,2.1499500274658203,,
2025-09-16 09:34:27+10:00,0.055050004273653,,
2025-09-16 09:34:28+10:00,,3.8959500789642334,
2025-09-16 09:34:29+10:00,,,8.604000091552734
2025-09-16 09:34:34+10:00,-0.0810000002384185,,
2025-09-16 09:34:35+10:00,,3.4180500507354736,
2025-09-16 09:34:36+10:00,,,8.983050346374512
2025-09-16 09:34:42+10:00,0.8809500336647034,,
2025-09-16 09:34:43+10:00,,3.027000188827514,
2025-09-16 09:34:44+10:00,,,8.832000732421875
2025-09-16 09:34:49+10:00,2.230950117111206,,
2025-09-16 09:34:50+10:00,,1.6270500421524048,
2025-09-16 09:34:51+10:00,,,9.612000465393066
2025-09-16 09:34:56+10:00,0.9790500402450562,,
2025-09-16 09:34:58+10:00,,1.6030501127243042,
2025-09-16 09:35:03+10:00,-2.3839499950408936,,
2025-09-16 09:35:05+10:00,,4.0570502281188965,
2025-09-16 09:35:09+10:00,2.281050205230713,,
2025-09-16 09:35:10+10:00,,1.6630500555038452,
2025-09-16 09:35:11+10:00,,,9.250950813293455
2025-09-16 09:35:12+10:00,2.6760001182556152,,
2025-09-16 09:35:17+10:00,-0.0930000022053718,,
2025-09-16 09:35:19+10:00,,2.87595009803772,
2025-09-16 09:35:22+10:00,2.6140501499176025,,
2025-09-16 09:35:23+10:00,,-0.3379500210285187,
2025-09-16 09:35:24+10:00,,,9.39900016784668
2025-09-16 09:35:27+10:00,0.6700500249862671,,
2025-09-16 09:35:31+10:00,-1.2199500799179075,,
2025-09-16 09:35:32+10:00,,1.9810501337051392,
2025-09-16 09:35:33+10:00,,,10.840950965881348
2025-09-16 09:35:39+10:00,4.888950347900391,,
2025-09-16 09:35:40+10:00,,2.87595009803772,
2025-09-16 09:35:45+10:00,,,7.869000434875488
2025-09-16 09:35:47+10:00,2.8560001850128174,,
2025-09-16 09:35:48+10:00,,1.593000054359436,
2025-09-16 09:35:53+10:00,3.4810502529144287,,
2025-09-16 09:35:54+10:00,,1.5360000133514404,
2025-09-16 09:35:55+10:00,,,9.022950172424316
2025-09-16 09:35:56+10:00,2.9950501918792725,,
2025-09-16 09:36:01+10:00,3.325050115585327,,
2025-09-16 09:36:02+10:00,,0.7410000562667847,
2025-09-16 09:36:09+10:00,-0.106950007379055,,
2025-09-16 09:36:10+10:00,,2.3449501991271973,
2025-09-16 09:36:15+10:00,0.6510000228881836,,
2025-09-16 09:36:16+10:00,,2.467050075531006,
2025-09-16 09:36:17+10:00,,,9.664950370788574
2025-09-16 09:36:22+10:00,0.361050009727478,,
2025-09-16 09:36:23+10:00,,2.5530002117156982,
2025-09-16 09:36:27+10:00,,,9.433050155639648
2025-09-16 09:36:29+10:00,-1.5600000619888306,,
2025-09-16 09:36:30+10:00,,2.704050064086914,
2025-09-16 09:36:31+10:00,,,9.193050384521484
2025-09-16 09:36:36+10:00,-3.181050062179565,,
2025-09-16 09:36:37+10:00,,1.0140000581741333,
2025-09-16 09:36:38+10:00,,,9.31095027923584
2025-09-16 09:36:43+10:00,1.7790000438690186,,
2025-09-16 09:36:44+10:00,,1.806000113487244,
2025-09-16 09:36:45+10:00,,,7.594050407409668
2025-09-16 09:36:51+10:00,1.6879501342773438,,
2025-09-16 09:36:52+10:00,,1.2630000114440918,
2025-09-16 09:36:57+10:00,0.7900500297546387,,
2025-09-16 09:36:58+10:00,,3.5350501537323,
2025-09-16 09:36:59+10:00,,,9.07800006866455
2025-09-16 09:37:00+10:00,0.6169500350952148,,
2025-09-16 09:37:04+10:00,-0.4420500099658966,,
2025-09-16 09:37:05+10:00,,2.7780001163482666,
2025-09-16 09:37:06+10:00,,,9.306000709533691
2025-09-16 09:37:11+10:00,7.0819501876831055,,
2025-09-16 09:37:12+10:00,,5.5320000648498535,
2025-09-16 09:37:13+10:00,,,-2.569050073623657
2025-09-16 09:37:14+10:00,4.708950042724609,,
2025-09-16 09:37:15+10:00,,7.33905029296875,
2025-09-16 09:37:20+10:00,1.5649501085281372,,
2025-09-16 09:37:25+10:00,4.015050411224365,,
2025-09-16 09:37:26+10:00,,3.4489500522613525,
2025-09-16 09:37:27+10:00,,,8.032050132751465
2025-09-16 09:37:28+10:00,3.469050168991089,,
2025-09-16 09:37:29+10:00,,3.496950149536133,
2025-09-16 09:37:33+10:00,3.258000135421753,,
2025-09-16 09:37:34+10:00,,2.7300000190734863,
2025-09-16 09:37:39+10:00,2.3580000400543213,,
2025-09-16 09:37:40+10:00,,2.2680001258850098,
2025-09-16 09:37:42+10:00,2.5380001068115234,,9.05505084991455
2025-09-16 09:37:44+10:00,,2.359050035476685,9.069000244140623
2025-09-16 09:37:47+10:00,1.8409501314163208,,
2025-09-16 09:37:48+10:00,,2.824050188064575,
2025-09-16 09:37:52+10:00,2.899050235748291,,
2025-09-16 09:37:53+10:00,,2.6040000915527344,
2025-09-16 09:37:54+10:00,,,8.974950790405273
2025-09-16 09:37:56+10:00,2.740950107574463,,
2025-09-16 09:37:57+10:00,,2.445000171661377,
2025-09-16 09:37:58+10:00,,,9.045000076293944
2025-09-16 09:38:02+10:00,0.0,,
2025-09-16 09:38:05+10:00,2.095050096511841,,
2025-09-16 09:38:06+10:00,,3.1470000743865967,
2025-09-16 09:38:07+10:00,,,8.929950714111328
2025-09-16 09:38:09+10:00,3.118950128555298,,
2025-09-16 09:38:10+10:00,,3.643050193786621,
2025-09-16 09:38:11+10:00,,,8.494050025939941
2025-09-16 09:38:12+10:00,3.2179501056671143,,
2025-09-16 09:38:20+10:00,0.1890000104904174,,
2025-09-16 09:38:22+10:00,,2.517000198364258,
2025-09-16 09:38:23+10:00,,,9.421050071716309
2025-09-16 09:38:34+10:00,2.0779500007629395,,
2025-09-16 09:38:36+10:00,,2.062050104141236,9.600000381469728
2025-09-16 09:38:38+10:00,1.932000041007996,,
2025-09-16 09:38:40+10:00,,2.386050224304199,9.05505084991455
2025-09-16 09:38:41+10:00,1.9560000896453855,,
2025-09-16 09:38:53+10:00,0.9049500226974488,,
2025-09-16 09:38:55+10:00,,0.6310500502586365,
2025-09-16 09:38:56+10:00,0.8850000500679016,,9.967050552368164
2025-09-16 09:39:07+10:00,2.63100004196167,1.1239500045776367,
2025-09-16 09:39:09+10:00,,,9.021000862121582
2025-09-16 09:39:10+10:00,2.952000141143799,,
2025-09-16 09:39:11+10:00,,1.957050085067749,
2025-09-16 09:39:18+10:00,1.7809500694274902,,
2025-09-16 09:39:21+10:00,1.0459500551223757,0.5370000004768372,
2025-09-16 09:39:22+10:00,,,9.706050872802734
2025-09-16 09:39:24+10:00,1.1920500993728638,,
2025-09-16 09:39:25+10:00,,0.7549500465393066,9.604950904846191
2025-09-16 09:39:29+10:00,1.963050127029419,,
2025-09-16 09:39:34+10:00,-1.8190500736236568,,
2025-09-16 09:39:35+10:00,,3.4200000762939453,
2025-09-16 09:39:37+10:00,2.554050207138061,,9.55500030517578
2025-09-16 09:39:39+10:00,,1.897050142288208,
2025-09-16 09:39:43+10:00,,,9.538050651550291
2025-09-16 09:39:47+10:00,-0.7750500440597534,,
2025-09-16 09:39:48+10:00,,-2.6680500507354736,
2025-09-16 09:39:50+10:00,,,9.88800048828125
2025-09-16 09:39:52+10:00,-0.3940500319004059,,
2025-09-16 09:39:53+10:00,,-2.179050207138061,
2025-09-16 09:39:56+10:00,,,10.005000114440918
2025-09-16 09:40:01+10:00,0.6960000395774841,,
2025-09-16 09:40:04+10:00,2.101950168609619,1.0950000286102295,
2025-09-16 09:40:06+10:00,,,9.760950088500977
2025-09-16 09:40:07+10:00,1.6780500411987305,0.0730499997735023,
2025-09-16 09:40:11+10:00,1.0339500904083252,,
2025-09-16 09:40:12+10:00,,2.2710001468658447,
2025-09-16 09:40:17+10:00,0.7680000066757202,,
2025-09-16 09:40:19+10:00,,1.0260000228881836,
2025-09-16 09:40:20+10:00,2.4439501762390137,,10.540950775146484
2025-09-16 09:40:24+10:00,,1.1260499954223633,
2025-09-16 09:40:26+10:00,1.969950079917908,,
2025-09-16 09:40:29+10:00,,2.449950218200684,
2025-09-16 09:40:32+10:00,1.6249500513076782,,
2025-09-16 09:40:33+10:00,,2.2159500122070312,
2025-09-16 09:40:34+10:00,,,9.354000091552734
2025-09-16 09:40:35+10:00,3.129000186920166,2.4100501537323,
2025-09-16 09:40:45+10:00,1.024049997329712,,
2025-09-16 09:40:47+10:00,3.5719501972198486,,10.72605037689209
2025-09-16 09:40:49+10:00,,2.149049997329712,
2025-09-16 09:40:52+10:00,,,8.592000007629395
2025-09-16 09:40:54+10:00,1.2400500774383545,,
2025-09-16 09:41:00+10:00,-5.490000247955322,-7.198050498962402,
2025-09-16 09:41:02+10:00,,,9.730050086975098
2025-09-16 09:41:03+10:00,1.2490500211715698,-0.9390000700950624,
2025-09-16 09:41:14+10:00,2.595000028610229,,
2025-09-16 09:41:15+10:00,,2.845050096511841,9.07395076751709
2025-09-16 09:41:17+10:00,0.4570500254631042,-1.957050085067749,
2025-09-16 09:41:18+10:00,,,11.242950439453123
2025-09-16 09:41:28+10:00,1.1899501085281372,,
2025-09-16 09:41:30+10:00,,1.1260499954223633,9.813000679016112
2025-09-16 09:41:32+10:00,1.321050047874451,1.6429500579833984,
2025-09-16 09:41:33+10:00,,,9.628950119018556
2025-09-16 09:41:44+10:00,-1.752000093460083,4.0980000495910645,
2025-09-16 09:41:46+10:00,-2.182950019836426,,8.700000762939453
2025-09-16 09:41:47+10:00,,4.736999988555908,
2025-09-16 09:41:51+10:00,-2.13795018196106,,
2025-09-16 09:41:52+10:00,,0.4249500334262848,
2025-09-16 09:41:58+10:00,-1.2540000677108765,2.448000192642212,
2025-09-16 09:41:59+10:00,,,10.053000450134276
2025-09-16 09:42:00+10:00,1.3950001001358032,,
2025-09-16 09:42:05+10:00,,1.5019500255584717,
2025-09-16 09:42:11+10:00,0.9910500645637512,2.476950168609619,
2025-09-16 09:42:12+10:00,,,9.439949989318848
2025-09-16 09:42:14+10:00,1.065000057220459,,
2025-09-16 09:42:15+10:00,,2.469000101089477,
2025-09-16 09:42:19+10:00,,,9.327000617980955
2025-09-16 09:42:23+10:00,0.3469500243663788,,
2025-09-16 09:42:24+10:00,-1.371000051498413,,
2025-09-16 09:42:26+10:00,,-0.4549500346183777,
2025-09-16 09:42:27+10:00,,,10.24905014038086
2025-09-16 09:42:28+10:00,2.1450002193450928,,
2025-09-16 09:42:30+10:00,,0.1660500019788742,
2025-09-16 09:42:33+10:00,,,9.235950469970703
2025-09-16 09:42:39+10:00,2.499000072479248,,
2025-09-16 09:42:40+10:00,,1.9309500455856323,
2025-09-16 09:42:42+10:00,,,8.29800033569336
2025-09-16 09:42:43+10:00,2.952000141143799,0.9949500560760498,
2025-09-16 09:42:47+10:00,-1.4310001134872437,,9.190950393676758
2025-09-16 09:42:48+10:00,,3.049050092697144,
2025-09-16 09:42:52+10:00,-0.4620000123977661,,
2025-09-16 09:42:53+10:00,,0.5160000324249268,
2025-09-16 09:42:55+10:00,-1.1530500650405884,,9.768000602722168
2025-09-16 09:42:56+10:00,,-1.8900001049041748,
2025-09-16 09:42:58+10:00,-0.9640500545501708,,9.663000106811523
2025-09-16 09:43:06+10:00,-0.9190500378608704,,
2025-09-16 09:43:08+10:00,,4.132950305938721,
2025-09-16 09:43:09+10:00,,,8.533050537109375
2025-09-16 09:43:11+10:00,-0.6990000605583191,,
2025-09-16 09:43:12+10:00,,4.045050144195557,8.913000106811523
2025-09-16 09:43:16+10:00,-1.009950041770935,,
2025-09-16 09:43:19+10:00,0.1890000104904174,,
2025-09-16 09:43:21+10:00,,2.914950132369995,9.696000099182127
2025-09-16 09:43:23+10:00,-3.3390002250671387,,
2025-09-16 09:43:24+10:00,,-0.208950012922287,
2025-09-16 09:43:25+10:00,,,9.307950019836426
2025-09-16 09:43:27+10:00,1.111050009727478,0.0540000014007091,
2025-09-16 09:43:35+10:00,4.531949996948242,1.689000129699707,
2025-09-16 09:43:37+10:00,,,8.722050666809082
2025-09-16 09:43:39+10:00,5.310000419616699,0.9250500202178956,
2025-09-16 09:43:41+10:00,,,8.734050750732422
2025-09-16 09:43:44+10:00,2.6290500164031982,,
2025-09-16 09:51:56+10:00,4.170000076293945,,
2025-09-16 09:52:00+10:00,,1.6270500421524048,
2025-09-16 09:52:09+10:00,3.7200002670288086,1.2649500370025637,
2025-09-16 09:52:11+10:00,,,8.956050872802734
2025-09-16 09:52:15+10:00,3.5929501056671143,,
2025-09-16 09:52:16+10:00,1.5490500926971436,,
2025-09-16 09:52:20+10:00,,1.7340000867843628,
2025-09-16 09:52:23+10:00,4.675950050354004,,
2025-09-16 09:52:24+10:00,,2.722950220108032,8.142000198364258
2025-09-16 09:52:26+10:00,2.947050094604492,,
2025-09-16 09:52:29+10:00,,1.8229501247406008,
2025-09-16 09:52:31+10:00,3.7200002670288086,3.1519501209259038,
2025-09-16 09:52:36+10:00,-1.0909500122070312,,
2025-09-16 09:52:37+10:00,,3.781050205230713,
2025-09-16 09:52:38+10:00,,,8.932050704956055
2025-09-16 09:52:40+10:00,-1.2540000677108765,3.619050264358521,
2025-09-16 09:52:45+10:00,0.1380000114440918,3.658950090408325,
2025-09-16 09:52:49+10:00,2.0350501537323,,
2025-09-16 09:52:50+10:00,,6.442050457000732,
2025-09-16 09:52:51+10:00,,,8.044050216674805
2025-09-16 09:52:53+10:00,0.4470000267028808,,
2025-09-16 09:52:57+10:00,,3.322050094604492,
2025-09-16 09:52:59+10:00,3.864000082015991,,
2025-09-16 09:53:00+10:00,,0.361950010061264,9.811050415039062
2025-09-16 09:53:04+10:00,1.3140000104904177,,
2025-09-16 09:53:06+10:00,,3.013050079345703,9.097949981689451
2025-09-16 09:53:07+10:00,-1.2160500288009644,,
2025-09-16 09:53:11+10:00,,3.691050291061402,
2025-09-16 09:53:13+10:00,-0.8130000233650208,,
2025-09-16 09:53:19+10:00,0.5100000500679016,,
2025-09-16 09:53:20+10:00,,3.7170002460479736,
2025-09-16 09:53:21+10:00,0.6270000338554382,,8.961000442504883
2025-09-16 09:54:15+10:00,0.2100000083446502,6.054000377655029,7.64400053024292
2025-09-16 09:54:24+10:00,-0.0019500000635161,-0.0390000008046627,9.778050422668455
2025-09-16 09:54:25+10:00,0.0,,
2025-09-16 09:54:34+10:00,,-0.0750000029802322,
2025-09-16 09:54:40+10:00,-0.0499500036239624,,
2025-09-16 09:54:41+10:00,,-0.0240000002086162,
2025-09-16 09:54:42+10:00,,,9.790050506591797
2025-09-16 09:54:43+10:00,-0.0019500000635161,,
2025-09-16 09:54:44+10:00,,-0.0510000027716159,
2025-09-16 09:54:45+10:00,,,9.849000930786133
2025-09-16 09:54:49+10:00,-0.0139500005170702,-0.0360000021755695,9.792000770568848
2025-09-16 09:54:50+10:00,-0.0430500023066997,,
2025-09-16 09:54:55+10:00,0.1960500031709671,,
2025-09-16 09:54:56+10:00,,4.308000087738037,
2025-09-16 09:54:57+10:00,,,8.956050872802734
2025-09-16 09:54:59+10:00,-0.7180500626564026,,
2025-09-16 09:55:00+10:00,,3.312000274658203,
2025-09-16 09:55:05+10:00,-0.1930500119924545,,
2025-09-16 09:55:09+10:00,0.9360000491142272,,
2025-09-16 09:55:10+10:00,,-0.4240500330924988,
2025-09-16 09:55:11+10:00,,,11.212050437927246
2025-09-16 09:55:13+10:00,-2.9350502490997314,,
2025-09-16 09:55:14+10:00,,-3.214050054550171,
2025-09-16 09:55:17+10:00,-3.712950229644776,,
2025-09-16 09:55:18+10:00,,-1.0900501012802124,
2025-09-16 09:55:19+10:00,,,9.009000778198242
2025-09-16 09:55:26+10:00,-2.359950065612793,,
2025-09-16 09:55:27+10:00,,5.350050449371338,
2025-09-16 09:55:28+10:00,,,9.97605037689209
2025-09-16 09:55:32+10:00,-0.2050500065088272,,
2025-09-16 09:55:33+10:00,,0.1879500150680542,
2025-09-16 09:55:34+10:00,,,10.315950393676758
2025-09-16 09:55:40+10:00,1.9560000896453855,,
2025-09-16 09:55:41+10:00,,2.6080501079559326,
2025-09-16 09:55:42+10:00,,,9.118950843811035
2025-09-16 09:55:48+10:00,5.503950119018555,,
2025-09-16 09:55:49+10:00,,-5.83305025100708,
2025-09-16 09:55:53+10:00,-8.0110502243042,,
2025-09-16 09:55:54+10:00,,-0.2779500186443329,
2025-09-16 09:55:55+10:00,,,-14.731950759887695
2025-09-16 09:55:57+10:00,-5.724000453948975,,
2025-09-16 09:56:03+10:00,1.6210501194000244,,
2025-09-16 09:56:07+10:00,0.0190500002354383,,
2025-09-16 09:56:08+10:00,,-0.0559500008821487,
2025-09-16 09:56:09+10:00,,,9.808950424194336
2025-09-16 09:56:11+10:00,-0.0070500001311302,,
2025-09-16 09:56:12+10:00,,-0.0600000023841857,
2025-09-16 09:56:17+10:00,3.181950092315674,,
2025-09-16 09:56:21+10:00,2.7840001583099365,,
2025-09-16 09:56:22+10:00,,-1.902000069618225,
2025-09-16 09:56:23+10:00,,,9.241050720214844
2025-09-16 09:56:25+10:00,2.511000156402588,,
2025-09-16 09:56:26+10:00,,-1.5520501136779783,
2025-09-16 09:56:36+10:00,0.32505002617836,,
2025-09-16 09:56:37+10:00,,2.4619500637054443,
2025-09-16 09:56:38+10:00,,,8.391000747680664
2025-09-16 09:56:39+10:00,-0.7270500063896179,,
2025-09-16 09:56:40+10:00,,3.111000061035156,
2025-09-16 09:56:41+10:00,,,8.761950492858887
2025-09-16 09:56:44+10:00,-0.9949500560760498,,
2025-09-16 09:56:45+10:00,,3.7600502967834473,
2025-09-16 09:56:50+10:00,-0.3199500143527984,,
2025-09-16 09:56:51+10:00,,3.4609501361846924,
2025-09-16 09:56:52+10:00,,,8.937000274658203
2025-09-16 09:56:54+10:00,-1.4959501028060913,,
2025-09-16 09:56:59+10:00,1.350000023841858,,
2025-09-16 09:57:00+10:00,,4.663050174713135,
2025-09-16 09:57:03+10:00,6.256050109863281,,
2025-09-16 09:57:04+10:00,,1.2990000247955322,
2025-09-16 09:57:05+10:00,,,8.743050575256348
2025-09-16 09:57:07+10:00,3.367950201034546,,
2025-09-16 09:57:08+10:00,,2.746950149536133,
2025-09-16 09:57:14+10:00,1.180050015449524,,
2025-09-16 09:57:19+10:00,0.6840000152587891,,
2025-09-16 09:57:20+10:00,,0.930000066757202,
2025-09-16 09:57:21+10:00,,,9.756000518798828
2025-09-16 09:57:22+10:00,1.813950061798096,,
2025-09-16 09:57:27+10:00,2.9880001544952397,,
2025-09-16 09:57:28+10:00,,3.700050115585327,
2025-09-16 09:57:33+10:00,0.0259500015527009,,
2025-09-16 09:57:34+10:00,,0.820050060749054,
2025-09-16 09:57:35+10:00,,,9.433050155639648
2025-09-16 09:57:36+10:00,3.091050148010254,,
2025-09-16 09:57:41+10:00,6.238950252532959,,
2025-09-16 09:57:42+10:00,,-0.0790500044822692,
2025-09-16 09:57:47+10:00,0.3760500252246856,,
2025-09-16 09:57:48+10:00,,4.294050216674805,
2025-09-16 09:57:49+10:00,,,8.794050216674805
2025-09-16 09:57:50+10:00,1.7280000448226929,,
2025-09-16 09:57:51+10:00,,4.074000358581543,
2025-09-16 09:57:59+10:00,-2.4130501747131348,,
2025-09-16 09:58:00+10:00,,2.161050081253052,
2025-09-16 09:58:01+10:00,,,9.043050765991213
2025-09-16 09:58:02+10:00,0.0880500078201294,,
2025-09-16 09:58:03+10:00,,-1.207050085067749,
2025-09-16 09:58:04+10:00,,,9.564000129699709
2025-09-16 09:58:09+10:00,0.1240500062704086,,
2025-09-16 09:58:14+10:00,0.0090000005438923,,
2025-09-16 09:58:15+10:00,,-0.0319500006735324,
2025-09-16 09:58:16+10:00,,,9.766050338745115
2025-09-16 09:58:17+10:00,0.0139500005170702,,
2025-09-16 09:58:18+10:00,,-0.0360000021755695,
2025-09-16 09:58:19+10:00,,,9.811050415039062
2025-09-16 09:58:20+10:00,0.0259500015527009,,
2025-09-16 09:59:27+10:00,-0.0070500001311302,-0.0220500007271766,9.823050498962402
2025-09-16 10:02:49+10:00,0.6679500341415405,,
2025-09-16 10:02:53+10:00,1.5630000829696655,,
2025-09-16 10:02:58+10:00,-0.0469500012695789,,
2025-09-16 10:02:59+10:00,,2.3809502124786377,9.330000877380373
2025-09-16 10:03:03+10:00,-4.422000408172607,,
2025-09-16 10:03:10+10:00,-1.0720500946044922,,
2025-09-16 10:03:12+10:00,,1.990950107574463,
2025-09-16 10:03:13+10:00,,,9.574050903320312
2025-09-16 10:03:14+10:00,0.2220000177621841,,
2025-09-16 10:03:26+10:00,-0.3709500133991241,,
2025-09-16 10:03:27+10:00,,-0.7020000219345093,
2025-09-16 10:03:28+10:00,,,9.813000679016112
2025-09-16 10:03:41+10:00,0.5119500160217285,-0.453000009059906,
2025-09-16 10:03:44+10:00,,,9.91200065612793
2025-09-16 12:32:38+10:00,4.455000400543213,3.5680501461029053,7.170000553131104
2025-09-16 12:32:46+10:00,2.4030001163482666,3.1590001583099365,9.070950508117676
2025-09-16 12:32:48+10:00,2.4559500217437744,,
