Timestamp,X,Y,Z
20250804-233514,0.549,-0.061,-0.488
20250804-233515,0.183,0.0,-0.488
20250804-233516,0.183,0.0,-0.427
20250804-233517,0.061,0.0,-0.427
20250804-233518,0.244,0.061,-0.427
20250804-233519,0.183,0.0,-0.488
20250804-233520,0.122,0.0,-0.427
20250804-233521,0.122,0.0,-0.488
20250804-233522,0.183,0.0,-0.488
20250804-233523,0.122,0.0,-0.427
20250804-233524,0.305,0.0,-0.427
20250804-233525,0.183,0.0,-0.427
20250804-233526,0.244,0.0,-0.427
20250804-233527,0.183,0.061,-0.488
20250804-233528,0.183,0.0,-0.488
20250804-233529,0.183,0.0,-0.488
20250804-233530,0.122,0.0,-0.488
20250804-233531,0.183,0.0,-0.427
20250804-233532,0.244,0.0,-0.427
20250804-233533,0.244,0.0,-0.427
20250804-233534,0.061,0.0,-0.427
20250804-233535,0.183,0.0,-0.427
20250804-233536,0.122,0.0,-0.427
20250804-233537,0.244,-0.061,-0.488
20250804-233538,-0.61,0.122,-0.488
20250804-233539,-3.235,-0.122,-0.732
20250804-233540,0.183,0.0,-0.488
20250804-233541,0.244,-0.061,-0.488
20250804-233542,8.362,0.549,-0.488
20250804-233543,0.732,-0.122,-0.549
20250804-233544,-0.122,0.061,-0.366
20250804-233545,0.488,-0.244,-0.61
20250804-233546,0.305,-0.061,-0.488
20250804-233547,0.183,0.0,-0.427
20250804-233548,-3.662,-0.366,-0.854
20250804-233549,0.183,0.0,-0.427
20250804-233550,0.0,0.244,-0.305
20250804-233551,3.601,0.122,-0.183
20250804-233552,0.305,-0.122,-0.61
20250804-233553,-1.648,0.0,-0.61
20250804-233554,0.183,0.0,-0.427
20250804-233555,0.366,0.122,-0.427
20250804-233556,2.136,0.0,0.366
20250804-233557,0.244,0.061,-0.488
20250804-233558,0.244,0.366,-0.549
20250804-233559,0.732,0.122,-0.305
20250804-233600,-3.418,-0.488,-1.343
20250804-233601,-2.441,-0.122,-1.038
20250804-233602,-1.282,-0.305,-0.61
20250804-233603,-1.526,0.549,-0.793
20250804-233604,0.244,0.0,-0.427
20250804-233605,0.427,-0.061,-0.488
20250804-233606,0.061,0.0,-0.427
20250804-233607,0.183,0.0,-0.488
20250804-233608,0.549,0.183,-0.427
20250804-233609,0.244,0.0,-0.488
20250804-233610,0.122,0.0,-0.427
20250804-233611,0.183,0.061,-0.427
20250804-233612,0.183,0.0,-0.488
20250804-233613,0.183,0.0,-0.488
20250804-233614,0.122,0.0,-0.488
20250804-233615,0.183,-0.061,-0.427
20250804-233616,0.183,0.0,-0.488
20250804-233617,0.183,0.0,-0.488
20250804-233618,0.183,0.0,-0.488
20250804-233619,0.183,0.0,-0.488
20250804-233620,0.183,0.0,-0.427
20250804-233621,0.183,0.0,-0.427
20250804-233622,0.183,0.0,-0.488
20250804-233623,0.244,0.0,-0.488
20250804-233624,0.244,0.0,-0.427
20250804-233625,0.183,0.0,-0.488
20250804-233626,0.183,0.0,-0.488
20250804-233627,0.183,0.0,-0.488
20250804-233628,0.183,0.0,-0.427
20250804-233629,0.183,0.0,-0.427
20250804-233630,0.183,0.0,-0.488
20250804-233631,0.183,0.0,-0.488
20250804-233632,-2.563,0.0,-1.953
20250804-233633,-0.061,-0.122,-0.549
20250804-233634,2.197,0.183,0.061
20250804-233635,0.183,0.0,-0.488
20250804-233636,0.183,-15.503,-0.488
20250804-233637,0.183,0.0,-0.488
20250804-233638,0.122,0.0,-0.427
20250804-233639,0.183,0.0,-0.427
20250804-233640,0.183,0.0,-0.427
20250804-233641,0.183,0.0,-0.427
20250804-233642,0.183,0.0,-0.488
20250804-233643,0.183,0.0,-0.488
20250804-233644,0.183,0.061,-0.488
20250804-233645,0.244,0.0,-0.427
20250804-233646,0.183,0.0,-0.488
20250804-233647,0.183,0.061,-0.427
20250804-233648,0.183,0.0,-0.488
20250804-233649,0.183,0.0,-0.427
20250804-233650,0.183,0.0,-0.488
20250804-233651,0.183,0.0,-0.488
20250804-233652,0.183,0.0,-0.488
20250804-233653,0.183,0.0,-0.488
20250804-233654,0.183,0.061,-0.488
20250804-233655,0.183,0.0,-0.427
20250804-233656,0.183,0.0,-0.488
20250804-233657,0.183,0.0,-0.488
20250804-233658,0.183,0.0,-0.427
20250804-233659,0.183,0.0,-0.427
20250804-233700,3.174,0.244,-1.892
20250804-233701,0.122,0.0,-0.488
20250804-233702,0.183,0.0,-0.427
20250804-233703,0.183,0.0,-0.488
20250804-233704,0.183,0.0,-0.488
20250804-233705,0.183,0.0,-0.488
20250804-233706,0.244,0.0,-0.427
20250804-233707,0.183,0.0,-0.488
20250804-233708,0.183,0.0,-0.427
20250804-233709,0.122,0.0,-0.488
20250804-233710,0.183,0.0,-0.488
20250804-233711,0.183,0.0,-0.427
20250804-233712,0.183,0.0,-0.488
20250804-233713,0.183,0.061,-0.488
20250804-233714,0.183,0.0,-0.427
20250804-233715,0.183,-0.061,-0.488
20250804-233716,0.183,-0.061,-0.427
20250804-233717,0.183,0.061,-0.427
20250804-233718,0.183,0.0,-0.427
20250804-233719,0.122,0.0,-0.488
20250804-233721,0.183,0.061,-0.427
20250804-233722,0.183,0.0,-0.488
20250804-233723,0.183,0.0,-0.427
20250804-233725,0.183,0.0,-0.488
20250804-233726,0.183,0.0,-0.427
20250804-233727,0.244,0.0,-0.427
20250804-233728,0.183,0.0,-0.488
20250804-233729,0.244,0.061,-0.427
20250804-233730,0.305,0.0,-0.488
20250804-233731,0.183,0.0,-0.488
20250804-233732,0.183,0.0,-0.427
20250804-233733,0.183,0.0,-0.488
20250804-233734,0.244,0.0,-0.427
20250804-233735,0.183,0.061,-0.488
20250804-233736,0.183,0.0,-0.427
20250804-233737,0.183,0.0,-0.427
20250804-233738,0.183,0.0,-0.427
20250804-233739,0.183,0.0,-0.488
20250804-233740,0.183,0.0,-0.488
20250804-233741,0.183,0.0,-0.488
20250804-233742,0.183,0.0,-0.488
20250804-233743,0.183,0.0,-0.488
20250804-233744,0.183,0.0,-0.488
20250804-233745,0.183,0.0,-0.488
20250804-233746,0.183,0.061,-0.488
20250804-233747,0.183,0.0,-0.488
20250804-233748,0.183,0.0,-0.488
20250804-233749,0.183,0.0,-0.427
20250804-233750,0.122,0.0,-0.427
20250804-233751,0.244,0.0,-0.488
20250804-233752,0.183,0.0,-0.488
20250804-233753,0.183,0.0,-0.488
20250804-233754,0.183,-0.061,-0.427
20250804-233755,0.183,0.0,-0.427
20250804-233756,0.183,0.0,-0.427
20250804-233757,0.183,0.0,-0.427
20250804-233758,0.244,-0.122,-0.549
20250804-233759,0.183,0.0,-0.488
20250804-233800,0.183,0.0,-0.488
20250804-233801,0.183,0.0,-0.488
20250804-233802,0.183,0.0,-0.488
20250804-233803,0.183,0.0,-0.427
20250804-233804,0.183,0.0,-0.488
20250804-233805,0.183,0.0,-0.427
20250804-233806,0.183,0.0,-0.488
20250804-233807,0.183,0.0,-0.488
20250804-233808,0.183,0.0,-0.427
20250804-233809,0.183,0.0,-0.488
20250804-233810,0.183,0.0,-0.427
20250804-233811,0.183,0.0,-0.488
20250804-233812,0.183,0.0,-0.427
20250804-233813,0.183,0.0,-0.427
20250804-233814,0.183,0.0,-0.488
20250804-233815,0.183,0.0,-0.488
20250804-233816,0.183,0.0,-0.488
20250804-233817,0.183,0.0,-0.427
20250804-233818,0.183,0.0,-0.488
20250804-233819,0.183,0.0,-0.488
20250804-233820,0.122,0.0,-0.488
20250804-233821,0.183,0.0,-0.488
20250804-233822,0.183,0.0,-0.488
20250804-233823,0.183,0.0,-0.488
20250804-233824,0.122,0.0,-0.488
20250804-233825,0.183,0.0,-0.488
20250804-233826,0.183,0.0,-0.427
20250804-233827,0.244,0.0,-0.488
20250804-233828,0.183,0.0,-0.488
20250804-233829,0.183,0.0,-0.488
20250804-233830,0.183,0.0,-0.427
20250804-233831,0.183,0.0,-0.488
20250804-233832,0.183,0.0,-0.488
20250804-233833,0.183,0.0,-0.488
20250804-233834,0.183,0.0,-0.427
20250804-233835,0.183,0.0,-0.488
20250804-233836,0.122,0.0,-0.427
20250804-233837,0.183,0.0,-0.488
20250804-233838,0.183,0.0,-0.427
20250804-233839,0.183,0.0,-0.427
20250804-233840,0.183,0.061,-0.427
20250804-233841,0.122,0.0,-0.488
20250804-233842,0.183,0.0,-0.488
20250804-233843,0.183,0.0,-0.488
20250804-233844,0.122,0.0,-0.427
20250804-233845,0.122,0.0,-0.488
20250804-233846,0.183,0.0,-0.488
20250804-233847,0.183,0.0,-0.488
20250804-233848,0.183,0.0,-0.427
20250804-233849,0.183,0.0,-0.488
20250804-233850,0.122,0.0,-0.427
20250804-233851,0.183,0.0,-0.427
20250804-233852,0.183,0.0,-0.427
20250804-233853,0.183,0.0,-0.488
20250804-233854,0.183,0.0,-0.488
20250804-233855,0.183,0.0,-0.488
20250804-233856,0.183,0.061,-0.488
20250804-233857,0.244,0.0,-0.427
20250804-233858,0.183,0.0,-0.427
20250804-233859,0.183,0.0,-0.488
20250804-233900,0.183,0.0,-0.488
20250804-233901,0.183,0.0,-0.488
20250804-233902,0.183,0.0,-0.488
20250804-233903,0.183,0.0,-0.427
20250804-233904,0.183,0.0,-0.488
20250804-233905,0.183,0.0,-0.427
20250804-233906,0.244,0.0,-0.488
20250804-233907,0.061,-0.122,-0.488
20250804-233908,0.122,-0.122,-0.427
20250804-233909,0.427,0.0,-0.427
20250804-233910,0.183,0.061,-0.427
20250804-233911,0.183,0.0,-0.488
20250804-233912,0.183,0.0,-0.427
20250804-233913,0.183,0.0,-0.427
20250804-233914,0.183,0.0,-0.488
20250804-233915,-0.488,-0.061,-0.61
20250804-233916,0.671,-0.061,-0.183
20250804-233917,5.127,0.61,1.77
20250804-233918,0.793,-0.122,-0.427
20250804-233919,0.183,0.0,-0.427
20250804-233920,0.244,0.0,-0.427
20250804-233921,0.244,0.061,-0.427
20250804-233922,0.0,0.0,-0.488
20250804-233923,0.061,0.0,-0.427
20250804-233924,0.0,0.061,-0.488
20250804-233925,0.122,0.0,-0.488
20250804-233926,0.061,0.0,-0.427
20250804-233927,0.122,0.0,-0.488
20250804-233928,0.183,-0.061,-0.488
20250804-233929,0.244,0.0,-0.488
20250804-233930,-0.122,0.0,-0.549
20250804-233931,0.244,-0.061,-0.427
20250804-233932,0.122,0.0,-0.488
20250804-233933,0.122,-0.061,-0.488
20250804-233935,0.0,-0.122,-0.549
20250804-233938,0.061,0.183,-0.427
20250804-233940,0.366,0.0,-0.427
20250804-233941,1.343,0.122,-0.427
20250804-233942,0.122,0.0,-0.488
20250804-233943,0.061,0.0,-0.427
20250804-233944,0.0,0.0,-0.549
20250804-233945,0.0,0.0,-0.488
20250804-233946,0.305,0.0,-0.488
20250804-233947,0.305,0.0,-0.427
20250804-233948,0.427,0.0,-0.427
20250804-233949,0.305,0.0,-0.427
20250804-233950,0.305,0.061,-0.427
20250804-233951,0.427,0.0,-0.427
20250804-233952,0.366,0.0,-0.427
20250804-233953,1.221,0.366,0.0
20250804-233954,0.488,0.0,-0.427
20250804-233955,-0.122,-0.122,-0.549
20250804-233956,-0.122,0.0,-0.549
20250804-233957,0.61,0.061,-0.549
20250804-233958,-0.916,0.366,-0.244
20250804-233959,-0.488,-0.183,-0.549
20250804-234000,0.183,0.0,-0.488
20250804-234001,0.183,0.061,-0.488
20250804-234002,2.197,0.366,0.0
20250804-234003,0.732,0.305,-0.305
20250804-234004,0.061,-0.061,-0.61
20250804-234005,0.183,0.0,-0.427
20250804-234006,0.122,0.0,-0.488
20250804-234007,-1.892,-0.305,-1.16
20250804-234008,1.892,0.549,-0.427
20250804-234009,0.183,0.0,-0.427
20250804-234010,0.183,0.0,-0.488
20250804-234011,0.183,0.0,-0.488
20250804-234012,0.122,0.0,-0.488
20250804-234013,0.183,0.0,-0.488
20250804-234014,0.183,0.0,-0.488
20250804-234015,0.183,0.0,-0.427
20250804-234016,0.183,0.0,-0.488
20250804-234017,0.183,0.0,-0.488
20250804-234018,0.122,0.0,-0.488
20250804-234019,0.183,0.0,-0.488
20250804-234020,0.183,0.061,-0.427
20250804-234021,0.183,0.0,-0.427
20250804-234022,0.183,0.0,-0.488
20250804-234023,0.183,0.0,-0.427
20250804-234024,0.183,0.0,-0.488
20250804-234025,0.183,0.0,-0.488
20250804-234026,0.244,0.0,-0.488
20250804-234027,0.122,0.0,-0.488
20250804-234028,0.183,0.0,-0.488
20250804-234029,0.183,0.0,-0.488
20250804-234030,0.183,0.0,-0.488
20250804-234031,0.183,0.061,-0.427
20250804-234032,0.183,0.0,-0.488
20250804-234033,0.122,0.0,-0.427
20250804-234034,0.183,0.061,-0.427
20250804-234035,0.183,0.0,-0.427
20250804-234036,0.183,0.0,-0.488
20250804-234037,0.183,0.0,-0.488
20250804-234038,0.183,0.061,-0.488
20250804-234039,0.122,0.0,-0.427
20250804-234040,0.183,0.0,-0.427
20250804-234041,0.122,0.0,-0.488
20250804-234042,0.183,0.0,-0.488
20250804-234043,0.183,0.0,-0.488
20250804-234044,0.183,0.0,-0.427
20250804-234045,0.183,0.0,-0.488
20250804-234046,-0.244,-0.061,-0.549
20250804-234047,0.366,0.305,-0.366
20250804-234048,1.404,0.427,-0.061
20250804-234049,0.244,0.0,-0.366
20250804-234050,0.244,-0.061,-0.366
20250804-234051,0.183,0.0,-0.427
20250804-234052,0.183,0.0,-0.488
20250804-234053,0.183,0.0,-0.488
20250804-234054,0.183,0.0,-0.488
20250804-234055,0.183,0.0,-0.427
20250804-234056,0.183,0.0,-0.427
20250804-234057,0.183,0.0,-0.427
20250804-234058,0.183,0.0,-0.488
20250804-234059,0.244,0.0,-0.488
20250804-234100,0.244,0.0,-0.427
20250804-234101,0.183,0.0,-0.427
20250804-234102,0.183,0.0,-0.488
20250804-234103,0.122,0.0,-0.427
20250804-234104,0.183,0.0,-0.488
20250804-234105,0.183,0.0,-0.488
20250804-234106,0.366,0.0,-0.488
20250804-234107,0.122,0.0,-0.427
20250804-234108,0.183,0.0,-0.488
20250804-234109,0.183,0.0,-0.427
20250804-234110,0.183,0.0,-0.488
20250804-234111,0.183,0.0,-0.488
20250804-234112,0.183,0.0,-0.488
20250804-234113,0.183,0.0,-0.488
20250804-234114,0.183,0.0,-0.488
20250804-234115,0.183,0.0,-0.488
20250804-234116,0.122,0.0,-0.488
20250804-234117,0.183,0.0,-0.427
20250804-234118,0.183,0.0,-0.488
20250804-234119,0.183,0.0,-0.488
20250804-234120,0.183,0.0,-0.488
20250804-234121,0.183,0.0,-0.488
20250804-234122,0.183,0.0,-0.488
20250804-234123,0.183,0.0,-0.488
20250804-234124,0.183,0.0,-0.488
20250804-234125,0.183,0.0,-0.427
20250804-234126,0.183,0.0,-0.488
20250804-234127,0.122,0.0,-0.488
20250804-234128,0.183,0.0,-0.488
20250804-234129,0.183,0.0,-0.427
20250804-234130,0.122,0.0,-0.427
20250804-234131,0.122,0.061,-0.427
20250804-234132,0.244,0.061,-0.427
20250804-234133,0.122,0.0,-0.488
20250804-234137,0.122,0.0,-0.488
20250804-234138,0.183,0.0,-0.488
20250804-234139,0.122,0.0,-0.427
20250804-234140,-1.16,-0.183,-0.671
20250804-234141,0.183,0.0,-0.427
20250804-234142,0.122,-15.381,-0.427
20250804-234143,-2.686,-1.038,-1.526
20250804-234144,0.183,0.061,-0.427
20250804-234145,0.122,0.0,-0.488
20250804-234146,0.244,0.0,-0.488
20250804-234147,2.93,0.671,0.183
20250804-234148,0.732,0.183,-0.549
20250804-234149,-0.549,0.122,-0.61
20250804-234150,0.183,0.0,-0.427
20250804-234151,0.183,0.0,-0.488
20250804-234152,0.183,0.0,-0.488
20250804-234153,0.183,0.061,-0.427
20250804-234154,0.122,-0.061,-0.427
20250804-234155,0.183,0.0,-0.488
20250804-234156,0.183,0.0,-0.488
20250804-234157,0.183,0.0,-0.427
20250804-234158,0.183,0.0,-0.427
20250804-234159,0.061,0.0,-0.488
20250804-234200,0.183,0.0,-0.488
20250804-234201,0.183,0.061,-0.427
20250804-234202,0.183,0.0,-0.427
20250804-234203,0.122,0.0,-0.488
20250804-234204,0.183,0.0,-0.427
20250804-234205,0.183,0.0,-0.427
20250804-234206,0.183,0.0,-0.427
20250804-234207,0.244,0.0,-0.427
20250804-234208,0.183,0.061,-0.427
20250804-234209,0.244,0.0,-0.488
20250804-234210,0.183,0.0,-0.427
20250804-234211,0.183,0.0,-0.488
20250804-234212,0.183,0.0,-0.488
20250804-234213,0.183,0.061,-0.488
20250804-234214,0.183,0.0,-0.488
20250804-234215,0.183,0.0,-0.427
20250804-234216,0.183,0.0,-0.488
20250804-234217,0.183,0.0,-0.488
20250804-234218,0.183,0.0,-0.427
20250804-234219,0.183,0.0,-0.488
20250804-234220,0.183,0.0,-0.427
20250804-234221,0.183,0.0,-0.427
20250804-234222,0.183,0.0,-0.427
20250804-234223,0.183,0.0,-0.488
20250804-234224,0.183,0.0,-0.427
20250804-234225,0.183,0.0,-0.488
20250804-234226,0.183,0.0,-0.427
20250804-234227,0.183,0.061,-0.488
20250804-234228,0.122,0.0,-0.427
20250804-234229,0.122,0.0,-0.488
20250804-234230,0.183,0.0,-0.488
20250804-234231,0.183,0.0,-0.427
20250804-234232,0.183,0.0,-0.427
20250804-234233,0.183,0.0,-0.488
20250804-234234,0.183,0.061,-0.488
20250804-234235,0.122,0.0,-0.488
20250804-234236,0.183,0.0,-0.427
20250804-234237,0.183,0.0,-0.488
20250804-234238,0.183,0.0,-0.488
20250804-234239,0.122,0.061,-0.427
20250804-234240,0.183,0.0,-0.427
20250804-234241,0.183,0.0,-0.488
20250804-234242,0.183,0.0,-0.427
20250804-234243,0.183,0.061,-0.488
20250804-234244,-0.183,0.366,-0.244
20250804-234245,0.122,0.0,-0.488
20250804-234246,0.244,0.0,-0.488
20250804-234247,0.183,0.0,-0.427
20250804-234248,0.183,0.0,-0.427
20250804-234249,0.183,0.0,-0.488
20250804-234250,0.122,0.0,-0.488
20250804-234251,0.183,0.0,-0.488
20250804-234252,0.183,0.0,-0.488
20250804-234253,0.183,0.0,-0.427
20250804-234254,0.183,0.0,-0.488
20250804-234255,0.183,0.0,-0.488
20250804-234256,0.183,0.0,-0.427
20250804-234257,0.183,0.0,-0.488
20250804-234258,0.183,0.0,-0.488
20250804-234259,0.183,0.0,-0.488
20250804-234300,0.183,0.061,-0.427
20250804-234301,0.183,-0.061,-0.488
20250804-234302,0.183,0.0,-0.427
20250804-234303,0.183,0.0,-0.488
20250804-234304,0.183,0.061,-0.488
20250804-234305,0.183,0.0,-0.488
20250804-234306,0.183,0.0,-0.427
20250804-234307,0.183,0.0,-0.427
20250804-234308,0.244,0.061,-0.488
20250804-234309,0.183,0.0,-0.488
20250804-234310,0.183,0.0,-0.488
20250804-234311,0.183,0.0,-0.488
20250804-234312,0.183,0.0,-0.488
20250804-234313,0.183,0.061,-0.488
20250804-234314,0.183,0.0,-0.488
20250804-234315,0.183,0.0,-0.427
20250804-234316,0.183,0.0,-0.488
20250804-234317,0.183,0.0,-0.488
20250804-234318,0.183,0.0,-0.488
20250804-234319,0.183,0.0,-0.488
20250804-234320,0.183,0.0,-0.427
20250804-234321,0.183,0.0,-0.427
20250804-234322,0.183,0.0,-0.427
20250804-234323,0.183,0.0,-0.488
20250804-234324,0.427,0.0,-0.427
20250804-234325,0.549,0.061,-0.366
20250804-234326,0.854,0.427,-0.427
20250804-234327,-0.305,-0.183,-0.61
20250804-234328,0.183,0.0,-0.488
20250804-234329,0.183,0.0,-0.427
20250804-234330,0.244,0.0,-0.488
20250804-234331,0.183,0.061,-0.427
20250804-234332,0.183,0.0,-0.488
20250804-234333,0.122,0.0,-0.488
20250804-234334,0.183,0.061,-0.488
20250804-234335,0.183,0.0,-0.427
20250804-234336,0.183,0.061,-0.488
20250804-234337,0.183,0.0,-0.427
20250804-234338,0.122,0.0,-0.488
20250804-234339,0.183,0.0,-0.427
20250804-234340,0.183,0.0,-0.427
20250804-234341,0.244,0.061,-0.427
20250804-234342,0.183,0.0,-0.488
20250804-234343,0.244,0.0,-0.427
20250804-234344,0.183,0.0,-0.427
20250804-234345,0.183,0.0,-0.427
20250804-234346,0.244,0.061,-0.488
20250804-234347,0.122,0.0,-0.488
20250804-234348,0.183,0.0,-0.488
20250804-234349,0.183,0.0,-0.488
20250804-234350,0.122,0.0,-0.488
20250804-234351,0.183,0.0,-0.427
20250804-234352,0.183,0.0,-0.488
20250804-234353,0.183,0.061,-0.488
20250804-234354,0.244,0.0,-0.488
20250804-234355,0.183,0.0,-0.488
20250804-234356,-0.061,-0.061,-0.427
20250804-234357,0.244,0.0,-0.427
20250804-234358,0.122,0.0,-0.427
20250804-234359,0.183,0.0,-0.427
20250804-234400,0.183,0.0,-0.488
20250804-234401,0.183,0.061,-0.488
20250804-234402,0.183,0.0,-0.488
20250804-234403,0.183,0.0,-0.427
20250804-234404,0.183,0.061,-0.488
20250804-234405,0.122,0.0,-0.488
20250804-234406,0.183,0.0,-0.427
20250804-234407,0.183,-0.061,-0.427
20250804-234408,0.183,0.0,-0.427
20250804-234409,0.183,0.0,-0.488
20250804-234410,0.244,0.0,-0.488
20250804-234411,0.183,0.061,-0.549
20250804-234412,0.061,-0.061,-0.427
20250804-234413,2.075,0.366,-0.305
20250804-234414,4.639,0.061,0.183
20250804-234415,5.92,0.793,0.977
20250804-234416,0.061,-0.061,-0.488
20250804-234417,0.122,0.0,-0.427
20250804-234418,0.244,0.0,-0.488
20250804-234419,0.183,0.244,-0.427
20250804-234420,0.183,0.0,-0.488
20250804-234421,0.183,-0.122,-0.305
20250804-234422,0.305,-0.244,-0.366
20250804-234423,-6.714,-0.183,-2.136
20250804-234424,0.183,0.0,-0.427
20250804-234425,0.183,0.0,-0.488
20250804-234426,0.183,0.0,-0.488
20250804-234427,0.122,0.0,-0.488
20250804-234428,0.122,0.0,-0.488
20250804-234429,0.183,0.0,-0.549
20250804-234430,0.305,0.549,-0.793
20250804-234431,0.122,0.0,-0.427
20250804-234432,0.183,15.564,-0.488
20250804-234433,0.183,-0.061,-0.488
20250804-234434,0.183,0.0,-0.427
20250804-234435,0.183,0.0,-0.427
20250804-234436,0.183,0.0,-0.488
20250804-234437,0.183,0.0,-0.488
20250804-234438,0.183,0.0,-0.427
20250804-234439,0.183,-0.061,-0.488
20250804-234440,0.183,0.0,-0.427
20250804-234441,0.183,0.0,-0.427
20250804-234442,0.183,0.0,-0.488
20250804-234443,0.183,0.0,-0.427
20250804-234444,0.183,0.061,-0.427
20250804-234445,0.183,0.0,-0.488
20250804-234446,0.122,0.0,-0.488
20250804-234447,0.183,0.061,-0.488
20250804-234448,0.122,0.0,-0.488
20250804-234449,0.183,0.0,-0.427
20250804-234450,0.183,0.061,-0.488
20250804-234451,0.183,0.0,-0.427
20250804-234452,0.183,0.0,-0.488
20250804-234453,0.122,0.0,-0.427
20250804-234454,0.183,0.0,-0.488
20250804-234455,0.183,0.0,-0.427
20250804-234456,0.183,0.0,-0.488
20250804-234457,0.183,0.0,-0.427
20250804-234458,0.183,0.0,-0.488
20250804-234459,0.183,0.0,-0.488
20250804-234500,0.183,0.0,-0.488
20250804-234501,0.183,0.061,-0.427
20250804-234502,0.183,0.0,-0.488
20250804-234503,0.122,0.061,-0.427
20250804-234504,0.183,0.0,-0.488
20250804-234505,0.122,0.0,-0.427
20250804-234506,0.183,0.0,-0.488
20250804-234507,0.183,-0.061,-0.427
20250804-234508,0.183,0.0,-0.427
20250804-234509,0.183,0.0,-0.488
20250804-234510,-25.024,4.089,7.019
20250804-234511,0.183,0.061,-0.488
20250804-234512,0.183,0.061,-0.427
20250804-234513,0.122,0.061,-0.488
20250804-234514,0.488,0.061,-0.61
20250804-234515,-0.732,-0.244,-0.854
20250804-234516,0.122,0.0,-0.488
20250804-234517,0.183,0.061,-0.427
20250804-234518,0.183,0.0,-0.488
20250804-234519,0.183,0.0,-0.427
20250804-234520,0.183,0.0,-0.488
20250804-234521,0.183,0.0,-0.488
20250804-234522,0.183,0.0,-0.427
20250804-234523,0.183,0.0,-0.427
20250804-234524,0.305,0.061,-0.427
20250804-234525,0.183,0.0,-0.488
20250804-234526,0.183,0.0,-0.488
20250804-234528,0.244,0.0,-0.427
20250804-234529,0.183,-0.061,-0.488
20250804-234530,0.183,0.0,-0.427
20250804-234532,0.183,0.0,-0.488
20250804-234534,0.183,0.061,-0.488
20250804-234535,0.183,0.0,-0.488
20250804-234536,0.183,0.0,-0.488
20250804-234537,0.183,0.0,-0.427
20250804-234538,0.183,0.0,-0.427
20250804-234539,0.244,0.0,-0.427
20250804-234540,0.183,0.0,-0.488
20250804-234541,0.183,0.0,-0.488
20250804-234542,0.183,0.0,-0.488
20250804-234543,0.183,0.0,-0.488
20250804-234544,0.183,0.061,-0.427
20250804-234545,0.183,0.0,-0.427
20250804-234546,0.122,0.0,-0.427
20250804-234547,0.183,0.0,-0.488
20250804-234548,0.183,0.0,-0.427
20250804-234549,-0.122,0.0,-0.366
20250804-234550,-0.977,0.305,-0.549
20250804-234551,-2.136,-0.488,-0.793
20250804-234552,3.601,0.244,0.366
20250804-234553,0.671,-0.122,-0.61
20250804-234554,0.671,-0.061,-0.549
20250804-234555,-0.488,0.122,-0.305
20250804-234556,1.221,-0.244,-0.793
20250804-234557,0.122,0.0,-0.427
20250804-234558,-0.244,0.122,-0.366
20250804-234559,0.305,-0.061,-0.549
20250804-234600,0.183,-0.061,-0.427
20250804-234601,-0.183,0.183,-0.366
20250804-234602,0.366,-0.061,-0.488
20250804-234603,0.183,0.0,-0.427
20250804-234604,0.122,0.0,-0.427
20250804-234605,0.305,0.0,-0.488
20250804-234606,0.183,0.0,-0.427
20250804-234607,0.244,0.0,-0.488
20250804-234608,0.122,0.0,-0.488
20250804-234609,0.854,-0.122,-0.488
20250804-234610,-1.709,0.122,-0.793
20250804-234611,-1.099,0.244,-0.366
20250804-234612,-0.122,0.061,-0.427
20250804-234613,-0.916,0.244,-0.305
20250804-234614,0.244,0.0,-0.549
20250804-234615,0.244,0.0,-0.488
20250804-234616,0.122,0.0,-0.488
20250804-234617,1.587,-0.244,14.526
20250804-234618,-0.244,0.183,-0.366
20250804-234619,-0.549,0.061,-0.366
20250804-234620,0.732,-0.061,-0.549
20250804-234621,0.122,0.0,-0.427
20250804-234622,0.732,-0.061,-0.549
20250804-234623,0.183,0.0,-0.488
20250804-234624,0.305,-0.183,-0.549
20250804-234625,-2.197,0.122,-0.549
20250804-234626,-0.122,0.122,-0.305
20250804-234627,0.671,-0.122,-0.61
20250804-234628,-0.671,0.183,-0.305
20250804-234629,0.122,0.0,-0.488
20250804-234630,-0.549,0.244,-0.549
20250804-234631,-0.244,0.061,-0.427
20250804-234632,0.122,0.0,-0.427
20250804-234633,0.122,0.0,-0.488
20250804-234634,0.061,0.061,-0.427
20250804-234635,0.183,0.061,-0.488
20250804-234636,0.244,0.0,-0.488
20250804-234637,0.061,0.061,-0.427
20250804-234638,0.122,0.0,-0.488
20250804-234639,0.183,0.0,-0.488
20250804-234640,0.244,0.0,-0.488
20250804-234641,0.244,0.0,-0.488
20250804-234642,0.183,0.0,-0.488
20250804-234643,0.122,0.061,-0.427
20250804-234644,0.244,0.0,-0.427
20250804-234645,0.244,0.0,-0.488
20250804-234646,0.244,0.0,-0.488
20250804-234647,0.183,0.0,-0.488
20250804-234648,0.122,0.0,-0.488
20250804-234649,-0.122,0.061,-0.366
20250804-234650,0.549,-0.061,-0.549
20250804-234651,-1.16,0.244,-0.305
20250804-234652,0.244,0.0,-0.488
20250804-234653,0.305,0.0,-0.488
20250804-234654,-0.122,0.061,-0.427
20250804-234655,0.122,0.061,-0.427
20250804-234656,0.793,-0.183,-0.244
20250804-234657,-0.244,0.305,-0.183
20250804-234658,0.549,0.061,-0.488
20250804-234659,0.183,0.0,-0.427
20250804-234700,0.061,0.0,-0.488
20250804-234701,0.244,0.0,-0.488
20250804-234702,0.671,-0.122,-0.549
20250804-234703,0.183,0.0,-0.488
20250804-234704,-0.244,0.0,-0.061
20250804-234705,0.183,0.0,-0.427
20250804-234706,0.122,0.0,-0.427
20250804-234707,0.0,0.0,-0.488
20250804-234708,0.244,0.0,-0.488
20250804-234709,0.244,0.0,-0.488
20250804-234710,0.122,0.061,-0.488
20250804-234711,1.892,0.0,-0.366
20250804-234712,0.122,0.0,-0.427
20250804-234713,-0.427,0.244,-0.061
20250804-234714,0.488,0.0,-0.488
20250804-234715,0.305,0.0,-0.488
20250804-234716,0.61,0.061,-0.549
20250804-234717,0.244,0.0,-0.488
20250804-234718,0.122,0.0,-0.427
20250804-234719,0.183,0.0,-0.488
20250804-234720,0.244,0.061,-0.488
20250804-234721,0.305,0.0,-0.488
20250804-234722,0.122,0.0,-0.427
20250804-234723,0.122,0.0,-0.427
20250804-234724,0.244,0.0,-0.488
20250804-234725,0.366,0.0,-0.488
20250804-234726,1.221,-0.122,-0.549
20250804-234727,-0.061,0.061,-0.366
20250804-234728,0.549,-0.061,-0.61
20250804-234729,0.244,0.0,-0.488
20250804-234730,0.183,-0.061,-0.427
20250804-234732,0.244,0.0,-0.488
20250804-234733,0.854,-0.122,-0.488
20250804-234736,0.122,0.0,-0.488
20250804-234738,0.183,0.0,-0.427
20250804-234739,0.244,-0.061,-0.488
20250804-234740,0.122,0.0,-0.427
20250804-234741,0.732,-0.122,-0.488
20250804-234742,0.793,0.122,0.122
20250804-234743,0.854,-0.122,-0.671
20250804-234744,-0.061,0.0,-0.244
20250804-234745,-0.61,0.183,-0.366
20250804-234746,-4.333,0.061,0.366
20250804-234747,0.305,-0.061,-0.488
20250804-234748,0.183,0.0,-0.427
20250804-234749,0.122,0.0,-0.488
20250804-234750,0.244,0.0,-0.488
20250804-234751,0.244,0.0,-0.488
20250804-234752,0.122,0.0,-0.427
20250804-234753,0.366,-0.061,-0.488
20250804-234754,-7.08,-0.732,-1.465
20250804-234755,1.404,-0.305,-0.244
20250804-234756,0.061,0.061,-0.427
20250804-234757,0.916,-0.122,-0.549
20250804-234758,-1.099,0.305,-0.305
20250804-234759,0.183,0.0,-0.488
20250804-234800,0.122,0.0,-0.488
20250804-234801,0.122,0.0,-0.427
20250804-234802,0.183,0.0,-0.427
20250804-234803,0.183,0.0,-0.488
20250804-234804,0.244,-0.061,-0.427
20250804-234805,0.244,0.0,-0.488
20250804-234806,0.305,0.0,-0.488
20250804-234807,0.305,0.0,-0.488
20250804-234808,0.244,-0.061,-0.488
20250804-234809,0.244,0.0,-0.488
20250804-234810,0.183,0.0,-0.427
20250804-234811,0.183,0.0,-0.427
20250804-234812,0.183,0.061,-0.488
20250804-234813,-49.622,4.395,-15.808
20250804-234814,0.061,0.0,-0.427
20250804-234815,-0.183,0.0,-0.366
20250804-234816,-0.732,0.061,-0.244
20250804-234817,0.366,0.122,-0.488
20250804-234818,0.183,0.0,-0.488
20250804-234819,0.122,0.0,-0.488
20250804-234820,0.244,0.061,-0.488
20250804-234821,0.183,0.0,-0.488
20250804-234822,1.831,0.183,-0.305
20250804-234823,0.244,0.0,-0.488
20250804-234824,0.061,0.0,-0.488
20250804-234825,0.122,0.0,-0.488
20250804-234826,0.183,0.0,-0.427
20250804-234827,0.183,-0.061,-0.427
20250804-234828,0.305,0.0,-0.488
20250804-234829,0.244,0.0,-0.488
20250804-234830,-0.061,0.0,-0.427
20250804-234831,0.122,0.0,-0.488
20250804-234832,0.244,0.0,-0.427
20250804-234833,0.244,0.0,-0.427
20250804-234834,0.122,0.061,-0.488
20250804-234835,0.122,0.0,-0.427
20250804-234836,0.061,0.0,-0.488
20250804-234837,0.061,0.0,-0.427
20250804-234838,0.122,0.061,-0.488
20250804-234839,0.183,0.0,-0.488
20250804-234840,0.122,0.061,-0.427
20250804-234841,0.0,0.0,-0.427
20250804-234842,0.183,-0.061,-0.488
20250804-234843,0.427,-0.061,-0.366
20250804-234844,0.671,0.0,0.0
20250804-234845,0.305,0.0,-0.427
20250804-234846,0.244,0.0,-0.488
20250804-234847,0.244,0.0,-0.488
20250804-234848,-0.366,0.0,-0.305
20250804-234849,0.671,-0.244,-0.305
20250804-234850,0.122,0.061,-0.427
20250804-234851,0.122,0.0,-0.488
20250804-234852,1.099,-0.183,-0.427
20250804-234853,-4.761,-0.488,-1.526
20250804-234854,0.183,0.0,-0.488
20250804-234855,0.305,0.0,-0.488
20250804-234856,-0.122,0.0,-0.427
20250804-234857,-0.305,0.0,-0.366
20250804-234858,1.16,0.061,-0.183
20250804-234859,-0.549,-0.122,-0.488
20250804-234900,0.916,0.0,-0.61
20250804-234901,-0.305,0.0,-0.366
20250804-234902,0.183,0.061,-0.427
20250804-234903,0.061,0.061,-0.427
20250804-234904,0.671,0.0,-0.549
20250804-234905,0.244,0.0,-0.488
20250804-234906,0.122,0.0,-0.427
20250804-234907,-0.061,0.0,-0.427
20250804-234908,0.366,0.0,-0.549
20250804-234909,1.404,0.122,-1.16
20250804-234910,0.366,-0.061,-0.488
20250804-234911,3.113,-0.183,-0.427
20250804-234912,-1.404,0.0,-0.122
20250804-234913,0.061,0.0,-0.488
20250804-234914,0.671,-0.061,-0.488
20250804-234915,-10.01,-1.709,-3.357
20250804-234916,0.793,15.564,-0.427
20250804-234917,0.183,0.0,-0.488
20250804-234918,-0.061,0.0,-0.427
20250804-234919,-0.122,0.0,-0.366
20250804-234920,0.183,0.0,-0.488
20250804-234921,-0.366,0.0,-0.427
20250804-234922,0.061,0.305,-0.244
20250804-234923,1.16,-0.244,-0.732
20250804-234924,-0.122,0.0,-0.427
20250804-234925,5.31,0.183,0.061
20250804-234926,0.732,0.0,-0.549
20250804-234927,0.305,0.122,-0.427
20250804-234928,1.038,0.0,-0.61
20250804-234929,0.916,0.0,-0.61
20250804-234930,0.916,0.0,-0.61
20250804-234931,2.686,-0.244,-0.366
20250804-234932,0.183,0.0,-0.488
20250804-234933,0.244,0.0,-0.488
20250804-234934,1.404,0.244,-0.122
20250804-234935,0.427,-0.061,-0.61
20250804-234937,0.122,0.0,-0.549
20250804-234939,0.183,0.0,-0.488
20250804-234942,1.099,-0.061,-0.671
20250804-234943,2.808,-0.183,-0.793
20250804-234944,0.122,15.564,-0.488
20250804-234945,0.244,0.0,-0.427
20250804-234946,0.305,0.0,-0.488
20250804-234947,-0.427,0.122,-0.305
20250804-234948,0.244,0.0,-0.549
20250804-234949,-2.136,-0.427,-1.465
20250804-234950,-0.061,0.0,-0.427
20250804-234951,0.122,0.0,-0.488
20250804-234952,0.244,0.0,-0.427
20250804-234953,0.244,0.0,-0.488
20250804-234954,0.183,0.0,-0.488
20250804-234955,0.244,0.0,-0.488
20250804-234956,0.183,0.061,-0.488
20250804-234957,0.183,0.0,-0.488
20250804-234958,0.183,0.0,-0.488
20250804-234959,0.183,0.0,-0.488
20250804-235000,0.183,0.0,-0.488
20250804-235001,0.183,0.0,-0.488
20250804-235002,0.183,0.0,-0.549
20250804-235003,0.183,0.0,-0.488
20250804-235004,0.183,0.0,-0.488
20250804-235005,0.183,0.0,-0.488
20250804-235006,0.122,0.0,-0.488
20250804-235007,0.183,0.0,-0.488
20250804-235008,0.244,0.0,-0.488
20250804-235009,0.183,0.0,-0.488
20250804-235010,0.183,0.0,-0.488
20250804-235011,0.183,0.061,-0.488
20250804-235012,0.122,0.0,-0.488
20250804-235013,0.183,0.0,-0.427
20250804-235014,0.122,0.0,-0.488
20250804-235015,0.183,0.0,-0.488
20250804-235016,0.122,0.0,-0.427
20250804-235017,-0.793,-0.061,-0.366
20250804-235018,0.916,0.122,-0.732
20250804-235019,0.122,0.0,-0.488
20250804-235020,0.427,-0.061,-0.549
20250804-235021,-0.061,0.061,-0.488
20250804-235022,0.366,0.0,-0.549
20250804-235023,-0.305,0.183,-0.366
20250804-235024,0.183,0.0,-0.427
20250804-235025,0.244,0.0,-0.488
20250804-235026,0.305,0.0,-0.488
20250804-235027,1.465,-0.427,-0.366
20250804-235028,0.61,-0.061,-0.488
20250804-235029,-0.549,-0.122,-0.427
20250804-235030,-1.282,0.061,-0.122
20250804-235031,0.244,0.0,-0.488
20250804-235032,0.183,0.122,-0.366
20250804-235033,11.414,3.662,-11.902
20250804-235034,-0.549,0.0,-0.244
20250804-235035,0.183,0.0,-0.488
20250804-235036,0.793,0.122,-0.61
20250804-235037,-0.244,0.122,-0.427
20250804-235038,-7.629,-0.305,-0.854
20250804-235039,0.793,0.122,-0.549
20250804-235040,-0.122,-0.061,-0.427
20250804-235041,1.343,0.061,-0.732
20250804-235042,1.038,-0.122,-0.671
20250804-235043,0.549,0.0,-0.488
20250804-235044,0.0,0.0,-0.366
20250804-235045,-0.732,-0.061,-0.366
20250804-235046,0.305,0.0,-0.549
20250804-235047,0.305,0.0,-0.488
20250804-235048,0.0,0.0,-0.427
20250804-235049,0.244,0.0,-0.488
20250804-235050,0.671,-0.061,-0.61
20250804-235051,0.244,0.0,-0.488
20250804-235052,0.427,0.122,-0.488
20250804-235053,0.183,0.0,-0.488
20250804-235054,0.183,0.0,-0.488
20250804-235055,0.244,0.0,-0.488
20250804-235056,0.0,0.0,-0.427
20250804-235057,0.61,0.0,-0.183
20250804-235058,0.183,0.0,-0.488
20250804-235059,-0.61,-0.244,-0.183
20250804-235100,1.404,0.0,-0.549
20250804-235101,-0.305,0.0,-0.366
20250804-235102,0.122,-0.061,-0.427
20250804-235103,0.244,0.0,-0.549
20250804-235104,-1.038,-0.244,-1.16
20250804-235105,0.244,0.0,-0.488
20250804-235106,-1.16,0.0,-0.183
20250804-235107,0.0,0.0,-0.427
20250804-235108,1.282,0.183,-0.671
20250804-235109,0.244,0.0,-0.488
20250804-235110,-0.061,0.0,-0.427
20250804-235111,0.122,0.0,-0.488
20250804-235112,-15.076,0.0,-0.366
20250804-235113,-0.916,-0.061,-0.183
20250804-235114,0.244,0.0,-0.427
20250804-235115,0.671,0.0,-0.549
20250804-235116,2.075,-0.183,-1.77
20250804-235117,0.244,-0.061,-0.488
20250804-235118,1.831,0.122,-0.854
20250804-235119,0.0,-0.183,-0.427
20250804-235120,0.183,0.0,-0.488
20250804-235121,0.244,0.0,-0.488
20250804-235122,0.183,0.0,-0.488
20250804-235123,0.183,0.061,-0.427
20250804-235124,0.183,0.0,-0.488
20250804-235125,0.183,0.0,-0.488
20250804-235126,0.183,0.0,-0.488
20250804-235127,0.0,0.183,-0.305
20250804-235128,0.244,-0.061,-0.427
20250804-235129,0.671,0.0,-0.671
20250804-235130,-0.061,0.061,-0.366
20250804-235131,-0.793,-0.061,-0.305
20250804-235132,0.305,0.0,-0.488
20250804-235133,2.258,0.122,-1.16
20250804-235134,0.916,0.122,-0.427
20250804-235135,0.427,0.0,-0.549
20250804-235136,0.244,0.0,-0.488
20250804-235137,0.61,0.183,-0.732
20250804-235138,0.549,0.061,-0.549
20250804-235139,1.892,0.0,-0.854
20250804-235140,0.244,0.061,-0.488
20250804-235141,-0.427,15.442,2.014
20250804-235142,-6.042,1.892,-0.732
20250804-235143,19.348,-1.282,0.732
20250804-235144,0.305,0.0,-0.61
20250804-235145,-0.366,0.061,-0.549
20250804-235146,0.122,0.061,-0.488
20250804-235147,-66.101,-10.803,-2.93
20250804-235148,0.244,0.0,-0.427
20250804-235149,0.305,0.061,-0.366
20250804-235150,0.061,0.0,-0.488
20250804-235151,0.061,0.061,-0.488
20250804-235152,0.244,-0.122,-0.61
20250804-235153,-0.61,0.122,-0.488
20250804-235154,-0.244,0.0,-0.549
20250804-235155,0.183,0.061,-0.488
20250804-235156,0.183,0.0,-0.488
20250804-235157,0.244,0.0,-0.488
20250804-235158,0.244,0.0,-0.488
20250804-235159,0.183,0.0,-0.488
20250804-235200,0.183,0.0,-0.549
20250804-235201,0.183,0.0,-0.427
20250804-235202,0.183,0.0,-0.488
20250804-235203,0.183,0.0,-0.427
20250804-235204,0.244,0.0,-0.488
20250804-235205,0.183,0.0,-0.488
20250804-235206,0.244,0.0,-0.488
20250804-235207,0.183,0.0,-0.488
20250804-235208,0.183,0.0,-0.488
20250804-235209,0.183,0.0,-0.488
20250804-235210,0.244,0.0,-0.427
20250804-235211,0.183,0.0,-0.488
20250804-235212,0.122,0.0,-0.488
20250804-235213,0.183,0.0,-0.488
20250804-235214,0.183,0.0,-0.427
20250804-235215,0.244,0.061,-0.488
20250804-235216,0.183,0.0,-0.488
20250804-235217,0.183,0.0,-0.488
20250804-235218,0.122,0.0,-0.488
20250804-235219,0.183,0.0,-0.488
20250804-235220,0.183,0.0,-0.488
20250804-235221,0.183,0.0,-0.488
20250804-235222,0.183,0.0,-0.488
20250804-235223,0.183,0.0,-0.427
20250804-235224,0.183,0.0,-0.488
20250804-235225,0.244,0.0,-0.488
20250804-235226,0.183,0.0,-0.488
20250804-235227,0.183,0.0,-0.488
20250804-235228,0.183,0.061,-0.427
20250804-235229,0.244,0.0,-0.488
20250804-235230,0.183,0.0,-0.488
20250804-235231,0.183,0.0,-0.488
20250804-235232,0.183,-0.061,-0.488
20250804-235233,0.61,0.366,-0.122
20250804-235234,-0.732,-0.122,-0.549
20250804-235235,0.977,0.183,-0.427
20250804-235236,0.183,-0.122,-0.488
20250804-235237,-0.61,0.0,-0.549
20250804-235238,1.587,0.061,-0.427
20250804-235239,-0.183,-0.061,-0.61
20250804-235240,2.319,0.244,-0.305
20250804-235241,-0.183,-0.061,-0.488
20250804-235242,0.366,0.0,-0.488
20250804-235243,0.122,0.0,-0.488
20250804-235244,0.122,0.0,-0.488
20250804-235245,0.183,0.0,-0.427
20250804-235246,0.183,0.0,-0.488
20250804-235247,0.183,0.0,-0.488
20250804-235248,0.183,0.061,-0.488
20250804-235249,0.183,0.0,-0.488
20250804-235250,0.183,0.0,-0.488
20250804-235251,0.183,0.061,-0.488
20250804-235252,0.183,0.0,-0.488
20250804-235253,0.183,0.0,-0.488
20250804-235254,0.183,0.0,-0.488
20250804-235255,0.183,0.0,-0.488
20250804-235256,0.244,0.0,-0.488
20250804-235257,0.183,0.0,-0.488
20250804-235258,0.183,0.0,-0.488
20250804-235259,0.305,0.0,-0.488
20250804-235300,0.732,0.122,-0.305
20250804-235301,0.183,0.0,-0.427
20250804-235302,0.122,0.061,-0.427
20250804-235303,0.244,0.122,-0.427
20250804-235304,-0.305,-0.122,-0.549
20250804-235305,0.488,0.0,-0.488
20250804-235306,-2.502,0.061,-0.916
20250804-235307,0.671,0.0,-0.366
20250804-235308,0.488,0.061,-0.427
20250804-235309,0.183,0.061,-0.488
20250804-235310,1.038,0.183,-0.427
20250804-235311,1.038,-0.061,-0.366
20250804-235312,-0.244,-0.122,-0.488
20250804-235313,3.357,-0.122,-0.305
20250804-235314,-0.122,0.0,-0.488
20250804-235315,0.305,0.061,-0.427
20250804-235316,0.122,0.061,-0.488
20250804-235317,-0.671,-0.061,-0.61
20250804-235318,0.244,0.0,-0.427
20250804-235319,0.244,0.0,-0.427
20250804-235320,0.183,0.0,-0.488
20250804-235321,0.183,0.0,-0.488
20250804-235322,0.183,0.0,-0.427
20250804-235323,0.244,0.0,-0.427
20250804-235324,0.122,0.0,-0.488
20250804-235325,0.244,0.061,-0.488
20250804-235326,0.183,0.0,-0.488
20250804-235327,0.183,0.0,-0.427
20250804-235328,0.183,0.0,-0.427
20250804-235329,0.183,0.0,-0.488
20250804-235330,0.244,0.0,-0.488
20250804-235331,0.061,0.061,-0.488
20250804-235332,0.183,0.061,-0.427
20250804-235333,0.427,0.0,-0.427
20250804-235334,0.488,-0.061,-0.488
20250804-235335,1.038,0.183,-0.305
20250804-235336,0.183,0.0,-0.427
20250804-235337,0.183,0.061,-0.488
20250804-235338,0.671,0.0,-0.366
20250804-235340,0.183,0.0,-0.427
20250804-235341,0.244,0.0,-0.488
20250804-235342,0.0,0.0,-0.488
20250804-235343,0.244,0.0,-0.427
20250804-235344,-0.244,0.061,-0.427
20250804-235345,0.183,0.0,-0.488
20250804-235346,0.244,0.0,-0.488
20250804-235347,0.183,0.061,-0.488
20250804-235348,0.183,0.0,-0.488
20250804-235349,0.244,0.0,-0.488
20250804-235350,0.183,0.0,-0.427
20250804-235351,0.183,0.0,-0.488
20250804-235352,0.183,0.061,-0.488
20250804-235353,0.305,0.061,-0.488
20250804-235354,0.183,0.0,-0.488
20250804-235355,0.183,0.0,-0.427
20250804-235356,0.183,0.0,-0.488
20250804-235357,0.183,0.0,-0.488
20250804-235358,0.305,0.0,-0.488
20250804-235359,0.183,0.0,-0.488
20250804-235400,0.244,0.061,-0.488
20250804-235401,0.244,0.0,-0.488
20250804-235402,0.183,0.061,-0.488
20250804-235403,0.061,0.0,-0.427
20250804-235404,0.183,0.0,-0.427
20250804-235405,0.183,0.0,-0.427
20250804-235406,0.183,0.0,-0.427
20250804-235407,0.183,0.0,-0.488
20250804-235408,0.122,0.0,-0.488
20250804-235409,0.366,0.0,-0.427
20250804-235410,0.183,0.0,-0.488
20250804-235411,0.122,0.0,-0.427
20250804-235412,0.244,0.0,-0.427
20250804-235413,0.183,0.0,-0.488
20250804-235414,0.183,0.0,-0.488
20250804-235415,0.183,0.0,-0.488
20250804-235416,0.183,0.0,-0.427
20250804-235417,0.183,0.0,-0.427
20250804-235418,0.183,0.0,-0.427
20250804-235419,0.183,0.0,-0.488
20250804-235420,0.183,0.0,-0.427
20250804-235421,0.183,0.061,-0.427
20250804-235422,0.183,0.0,-0.427
20250804-235423,0.183,0.0,-0.427
20250804-235424,0.183,0.061,-0.427
20250804-235425,0.183,0.0,-0.488
20250804-235426,0.183,0.0,-0.488
20250804-235427,0.183,0.0,-0.488
20250804-235428,0.183,0.061,-0.488
20250804-235429,0.122,0.0,-0.427
20250804-235430,-0.244,0.061,-0.488
20250804-235431,0.183,0.0,-0.488
20250804-235432,0.061,0.0,-0.488
20250804-235433,0.366,0.0,-0.427
20250804-235434,0.061,0.061,-0.427
20250804-235435,0.183,0.0,-0.488
20250804-235436,0.183,0.0,-0.488
20250804-235437,0.61,0.061,-0.427
20250804-235438,0.122,0.061,-0.488
20250804-235439,0.305,0.122,-0.488
20250804-235440,0.244,0.0,-0.488
20250804-235441,0.122,0.0,-0.427
20250804-235442,0.183,0.0,-0.427
20250804-235443,0.183,0.0,-0.488
20250804-235444,0.305,0.0,-0.427
20250804-235445,0.122,-0.061,-0.488
20250804-235446,0.061,0.0,-0.488
20250804-235447,0.183,0.061,-0.488
20250804-235448,0.122,0.0,-0.488
20250804-235449,0.183,0.0,-0.488
20250804-235450,0.183,0.0,-0.427
20250804-235451,0.183,0.0,-0.488
20250804-235452,-0.061,-0.061,-0.549
20250804-235453,-0.244,-0.061,-0.427
20250804-235454,0.61,0.061,-0.366
20250804-235455,0.305,0.0,-0.427
20250804-235456,0.122,0.0,-0.488
20250804-235457,0.244,0.0,-0.488
20250804-235458,0.122,0.0,-0.488
20250804-235459,0.61,-0.061,-0.427
20250804-235500,0.183,0.0,-0.488
20250804-235501,0.244,0.0,-0.488
20250804-235502,0.183,-0.061,-0.488
20250804-235503,-0.122,0.061,-0.488
20250804-235504,-1.343,-0.122,-0.732
20250804-235505,-2.869,-0.244,-0.977
20250804-235506,0.183,0.061,-0.488
20250804-235507,0.427,-0.061,-0.427
20250804-235508,0.977,-0.061,-0.488
20250804-235509,2.014,-0.183,-0.183
20250804-235510,-0.61,0.061,-0.549
20250804-235511,0.0,-0.122,-0.549
20250804-235512,-0.732,-0.488,-0.671
20250804-235513,0.427,0.0,-0.488
20250804-235514,-0.183,0.0,-0.549
20250804-235515,0.183,0.0,-0.488
20250804-235516,0.183,0.0,-0.427
20250804-235517,0.183,0.061,-0.488
20250804-235518,0.183,0.0,-0.488
20250804-235519,0.183,0.0,-0.427
20250804-235520,0.183,0.0,-0.488
20250804-235521,0.244,0.0,-0.427
20250804-235522,0.244,0.0,-0.488
20250804-235523,0.122,0.0,-0.488
20250804-235524,0.183,0.0,-0.427
20250804-235525,0.183,0.0,-0.488
20250804-235526,0.183,0.0,-0.427
20250804-235527,0.183,0.0,-0.488
20250804-235528,0.183,0.0,-0.488
20250804-235529,0.183,0.0,-0.488
20250804-235530,0.244,0.061,-0.549
20250804-235531,0.366,-0.061,-0.427
20250804-235532,0.122,0.061,-0.488
20250804-235533,-0.061,0.061,-0.488
20250804-235534,0.183,0.0,-0.488
20250804-235535,0.244,0.0,-0.427
20250804-235536,0.061,0.0,-0.488
20250804-235537,0.183,0.0,-0.488
20250804-235539,0.183,0.0,-0.488
20250804-235540,-0.122,0.061,-0.488
20250804-235542,0.244,0.0,-0.427
20250804-235544,0.183,0.0,-0.488
20250804-235545,0.183,0.0,-0.427
20250804-235546,0.183,0.0,-0.427
20250804-235547,-0.061,0.0,-0.488
20250804-235548,-0.183,0.0,-0.488
20250804-235549,0.061,0.061,-0.488
20250804-235550,0.183,0.0,-0.488
20250804-235551,0.061,0.061,-0.549
20250804-235552,0.183,0.0,-0.427
20250804-235553,0.244,0.0,-0.488
20250804-235554,0.244,0.0,-0.427
20250804-235555,0.183,0.0,-0.488
20250804-235556,0.244,0.0,-0.488
20250804-235557,0.183,0.0,-0.427
20250804-235558,0.244,0.0,-0.427
20250804-235559,0.061,0.0,-0.427
20250804-235600,0.183,0.0,-0.488
20250804-235601,0.183,0.0,-0.427
20250804-235602,0.183,0.0,-0.427
20250804-235603,0.244,0.0,-0.427
20250804-235604,0.122,0.061,-0.488
20250804-235605,0.061,0.0,-0.427
20250804-235606,0.183,0.061,-0.488
20250804-235607,0.122,0.0,-0.427
20250804-235608,0.244,0.061,-0.488
20250804-235609,0.366,0.0,-0.427
20250804-235610,0.122,0.0,-0.427
20250804-235611,-0.061,0.061,-0.488
20250804-235612,0.122,0.0,-0.488
20250804-235613,0.183,0.0,-0.427
20250804-235614,0.061,0.0,-0.488
20250804-235615,0.183,0.0,-0.488
20250804-235616,0.244,0.0,-0.427
20250804-235617,0.244,0.0,-0.488
20250804-235618,0.183,0.0,-0.488
20250804-235619,0.183,0.0,-0.427
20250804-235620,0.183,0.0,-0.427
20250804-235621,0.122,0.0,-0.427
20250804-235622,0.183,0.0,-0.427
20250804-235623,0.183,0.0,-0.427
20250804-235624,0.183,0.0,-0.488
20250804-235626,0.183,0.0,-0.488
20250804-235627,0.183,0.0,-0.488
20250804-235628,0.183,0.0,-0.427
20250804-235629,0.183,0.0,-0.427
20250804-235630,0.183,0.0,-0.427
20250804-235631,0.183,0.061,-0.488
20250804-235632,0.183,0.0,-0.488
20250804-235633,0.244,0.0,-0.488
20250804-235634,0.183,0.0,-0.427
20250804-235635,0.183,0.0,-0.488
20250804-235636,0.183,0.0,-0.427
20250804-235637,0.244,0.061,-0.427
20250804-235638,0.061,0.0,-0.488
20250804-235639,0.0,-0.061,-0.549
20250804-235640,0.427,-0.305,-0.488
20250804-235641,0.061,0.0,-0.488
20250804-235642,0.183,0.0,-0.488
20250804-235643,0.183,0.0,-0.427
20250804-235644,0.122,0.0,-0.488
20250804-235645,0.183,0.0,-0.488
20250804-235646,0.183,0.0,-0.488
20250804-235647,0.183,0.0,-0.488
20250804-235648,0.183,0.0,-0.488
20250804-235649,0.183,0.0,-0.427
20250804-235650,0.183,0.0,-0.427
20250804-235651,0.122,0.0,-0.488
20250804-235652,0.244,0.061,-0.427
20250804-235653,0.183,0.0,-0.488
20250804-235654,0.183,0.0,-0.488
20250804-235655,0.244,0.0,-0.488
20250804-235656,0.183,0.0,-0.488
20250804-235657,0.061,0.061,-0.488
20250804-235658,0.183,0.061,-0.488
20250804-235659,0.244,0.061,-0.488
20250804-235700,0.183,0.0,-0.427
20250804-235701,0.244,0.0,-0.488
20250804-235702,0.183,0.0,-0.427
20250804-235703,0.183,0.0,-0.488
20250804-235704,0.183,0.0,-0.488
20250804-235705,0.183,0.0,-0.488
20250804-235706,0.183,0.0,-0.488
20250804-235707,0.183,0.0,-0.488
20250804-235708,0.183,0.0,-0.488
20250804-235709,0.183,0.0,-0.427
20250804-235710,0.183,0.0,-0.427
20250804-235711,0.183,0.0,-0.488
20250804-235712,0.183,0.0,-0.488
20250804-235713,0.183,0.0,-0.488
20250804-235714,0.183,0.0,-0.427
20250804-235715,0.244,0.0,-0.488
20250804-235716,0.244,0.0,-0.488
20250804-235717,0.122,0.0,-0.427
20250804-235718,0.183,0.0,-0.488
20250804-235719,0.183,0.0,-0.427
20250804-235720,0.183,0.061,-0.488
20250804-235721,0.183,0.0,-0.427
20250804-235722,0.183,0.0,-0.488
20250804-235723,0.183,0.0,-0.427
20250804-235724,0.122,0.0,-0.488
20250804-235725,0.183,0.0,-0.488
20250804-235726,0.183,0.0,-0.488
20250804-235727,0.183,0.0,-0.488
20250804-235728,0.183,-0.061,-0.427
20250804-235729,0.183,0.061,-0.427
20250804-235730,0.183,0.0,-0.488
20250804-235731,0.183,0.0,-0.488
20250804-235732,0.183,0.0,-0.488
20250804-235733,0.122,0.0,-0.488
20250804-235734,0.122,0.0,-0.488
20250804-235735,0.183,0.0,-0.488
20250804-235736,0.244,0.0,-0.488
20250804-235737,0.122,0.0,-0.488
20250804-235738,0.244,0.0,-0.488
20250804-235739,0.183,0.0,-0.427
20250804-235740,0.183,0.0,-0.488
20250804-235742,0.183,0.0,-0.488
20250804-235744,0.183,0.0,-0.488
20250804-235746,0.244,0.0,-0.427
20250804-235747,0.183,0.0,-0.427
20250804-235748,0.244,0.0,-0.427
20250804-235749,0.183,0.0,-0.488
20250804-235750,0.183,0.0,-0.427
20250804-235751,0.183,0.061,-0.427
20250804-235752,0.183,0.061,-0.488
20250804-235753,0.183,0.0,-0.488
20250804-235754,0.183,0.061,-0.488
20250804-235755,0.183,0.061,-0.427
20250804-235756,0.244,0.0,-0.488
20250804-235757,0.244,0.0,-0.488
20250804-235758,0.183,0.0,-0.488
20250804-235759,0.183,0.0,-0.488
20250804-235800,0.183,0.0,-0.427
20250804-235801,0.244,0.0,-0.488
20250804-235802,0.122,0.0,-0.488
20250804-235803,0.183,0.0,-0.488
20250804-235804,0.244,0.0,-0.427
20250804-235805,0.549,0.0,-0.427
20250804-235806,0.183,0.0,-0.488
20250804-235807,0.244,0.0,-0.488
20250804-235808,0.183,0.0,-0.488
20250804-235809,0.183,0.061,-0.427
20250804-235810,0.122,0.0,-0.488
20250804-235811,0.244,0.0,-0.427
20250804-235812,0.183,0.0,-0.488
20250804-235813,0.183,0.0,-0.488
20250804-235814,0.244,0.061,-0.488
20250804-235815,0.183,0.0,-0.427
20250804-235816,0.183,0.0,-0.488
20250804-235817,0.183,0.0,-0.488
20250804-235818,0.183,0.061,-0.488
20250804-235819,0.183,0.0,-0.488
20250804-235820,0.183,0.0,-0.488
20250804-235821,0.183,0.0,-0.488
20250804-235822,0.122,0.0,-0.427
20250804-235823,0.183,0.0,-0.488
20250804-235824,0.244,0.061,-0.427
20250804-235825,0.183,0.0,-0.488
20250804-235826,0.183,0.0,-0.488
20250804-235827,0.244,0.061,-0.427
20250804-235828,0.244,0.0,-0.488
20250804-235829,0.183,0.0,-0.427
20250804-235830,0.244,0.0,-0.488
20250804-235831,0.122,0.0,-0.488
20250804-235832,0.427,-0.061,-0.427
20250804-235833,0.183,0.0,-0.427
20250804-235834,0.183,0.0,-0.488
20250804-235835,0.122,0.0,-0.488
20250804-235836,0.183,0.0,-0.488
20250804-235837,0.122,0.0,-0.488
20250804-235838,0.183,0.0,-0.427
20250804-235839,0.183,0.061,-0.427
20250804-235840,0.244,0.0,-0.427
20250804-235841,0.183,0.0,-0.488
20250804-235842,0.183,0.0,-0.427
20250804-235843,0.244,0.0,-0.488
20250804-235844,0.183,0.0,-0.488
20250804-235845,0.183,0.0,-0.488
20250804-235846,0.183,0.061,-0.427
20250804-235847,0.183,0.0,-0.488
20250804-235848,0.183,0.0,-0.488
20250804-235849,0.183,0.0,-0.488
20250804-235850,0.122,0.0,-0.427
20250804-235851,0.183,0.0,-0.488
20250804-235852,-0.549,0.122,-0.549
20250804-235853,0.122,0.0,-0.427
20250804-235854,0.488,0.0,-0.427
20250804-235855,0.061,0.061,-0.488
20250804-235856,0.183,0.0,-0.427
20250804-235857,0.244,0.0,-0.488
20250804-235858,0.244,0.0,-0.427
20250804-235859,0.122,0.061,-0.488
20250804-235900,-0.122,0.061,-0.488
20250804-235901,0.183,0.0,-0.488
20250804-235902,0.122,0.0,-0.427
20250804-235903,0.183,0.061,-0.427
20250804-235904,0.244,0.0,-0.488
20250804-235905,0.183,0.0,-0.427
20250804-235906,0.183,0.0,-0.488
20250804-235907,0.183,0.0,-0.488
20250804-235908,0.244,0.0,-0.427
20250804-235909,0.183,0.0,-0.488
20250804-235910,0.244,0.0,-0.427
20250804-235911,0.244,0.061,-0.427
20250804-235912,0.122,0.0,-0.488
20250804-235913,0.183,0.0,-0.427
20250804-235914,0.0,0.061,-0.488
20250804-235915,0.183,0.0,-0.488
20250804-235916,0.183,0.0,-0.488
20250804-235917,0.183,0.0,-0.488
20250804-235918,0.122,0.0,-0.427
20250804-235919,0.122,0.0,-0.488
20250804-235920,0.183,0.0,-0.488
20250804-235921,0.244,0.0,-0.488
20250804-235922,0.122,0.0,-0.427
20250804-235923,0.183,0.0,-0.488
20250804-235924,0.183,0.0,-0.488
20250804-235925,0.122,0.0,-0.427
20250804-235926,0.305,0.0,-0.427
20250804-235927,0.244,0.061,-0.427
20250804-235928,0.183,0.0,-0.488
20250804-235929,0.183,0.0,-0.488
20250804-235930,0.183,0.0,-0.488
20250804-235931,0.183,0.0,-0.488
20250804-235932,0.183,0.061,-0.488
20250804-235933,0.183,0.0,-0.427
20250804-235934,0.183,0.061,-0.488
20250804-235935,0.183,0.0,-0.427
20250804-235936,0.244,0.0,-0.427
20250804-235937,0.183,0.0,-0.488
20250804-235938,0.305,0.0,-0.488
20250804-235939,0.183,0.0,-0.488
20250804-235940,0.183,0.0,-0.488
20250804-235941,0.183,0.061,-0.427
20250804-235942,0.244,0.0,-0.488
20250804-235943,0.244,0.061,-0.427
20250804-235944,0.183,0.0,-0.488
20250804-235945,0.183,0.0,-0.427
20250804-235946,0.183,-0.061,-0.488
20250804-235947,0.0,0.0,-0.427
20250804-235948,0.244,0.0,-0.427
20250804-235949,0.183,0.0,-0.427
20250804-235950,0.122,0.0,-0.488
20250804-235951,0.122,0.0,-0.427
20250804-235952,0.183,0.0,-0.427
20250804-235953,0.183,0.0,-0.488
20250804-235954,0.183,0.0,-0.427
20250804-235955,0.183,0.0,-0.488
20250804-235956,0.183,0.0,-0.427
20250804-235957,0.183,0.0,-0.488
20250804-235958,0.122,0.0,-0.427
20250804-235959,0.183,0.0,-0.488
20250805-000000,0.244,0.0,-0.488
20250805-000001,0.183,0.0,-0.488
20250805-000002,0.244,0.0,-0.488
20250805-000003,0.183,0.0,-0.488
20250805-000004,0.305,0.0,-0.427
20250805-000005,0.122,0.0,-0.488
20250805-000006,0.244,0.0,-0.488
20250805-000007,0.183,0.0,-0.488
20250805-000008,-0.977,0.122,-0.366
20250805-000009,0.061,0.0,-0.488
20250805-000010,0.183,0.0,-0.427
20250805-000011,0.244,0.0,-0.488
20250805-000012,0.183,0.0,-0.427
20250805-000013,0.305,-0.061,-0.488
20250805-000014,-0.305,0.061,-0.427
20250805-000015,0.244,0.0,-0.427
20250805-000016,0.122,0.0,-0.488
20250805-000017,0.305,-0.061,-0.427
20250805-000018,0.977,0.427,-0.671
20250805-000019,0.061,0.0,-0.427
20250805-000020,0.366,0.0,-0.427
20250805-000021,-0.061,0.061,-0.549
20250805-000022,0.183,0.061,-0.488
20250805-000023,0.122,0.061,-0.488
20250805-000024,0.244,0.0,-0.488
20250805-000025,0.183,0.0,-0.488
20250805-000026,0.183,0.0,-0.488
20250805-000027,0.305,0.0,-0.488
20250805-000028,0.122,0.366,-0.793
20250805-000029,0.244,-0.061,-0.427
20250805-000030,0.183,0.0,-0.488
20250805-000031,0.305,0.0,-0.488
20250805-000032,0.488,0.0,-0.427
20250805-000033,0.366,0.0,-0.427
20250805-000034,0.061,0.061,-0.427
20250805-000035,0.122,0.0,-0.488
20250805-000036,0.183,0.0,-0.488
20250805-000037,0.305,0.0,-0.488
20250805-000038,0.305,0.0,-0.427
20250805-000039,0.305,0.0,-0.427
20250805-000040,-6.409,-0.793,-1.16
20250805-000041,0.061,0.061,-0.488
20250805-000042,0.854,0.0,-0.427
20250805-000043,0.0,0.061,-0.488
20250805-000044,0.0,0.0,-0.427
20250805-000045,0.305,0.0,-0.488
20250805-000046,0.61,0.0,-0.488
20250805-000047,0.244,0.0,-0.427
20250805-000048,0.061,0.0,-0.488
20250805-000049,0.244,0.061,-0.488
20250805-000050,0.244,0.0,-0.427
20250805-000051,0.061,0.0,-0.488
20250805-000052,0.183,0.0,-0.427
20250805-000053,0.061,0.0,-0.427
20250805-000054,0.305,0.061,-0.427
20250805-000055,0.122,0.0,-0.427
20250805-000056,0.183,0.0,-0.488
20250805-000057,0.305,0.0,-0.427
20250805-000058,0.244,0.0,-0.427
20250805-000059,0.061,0.0,-0.427
20250805-000100,0.244,0.0,-0.427
20250805-000101,0.305,-0.061,-0.427
20250805-000102,0.305,0.0,-0.427
20250805-000103,-4.944,0.977,-0.854
20250805-000104,0.488,-0.122,-0.793
20250805-000105,0.793,0.061,-0.366
20250805-000106,-8.667,0.305,-1.77
20250805-000107,0.366,-0.244,-0.427
20250805-000108,0.061,0.061,-0.488
20250805-000109,-0.061,0.061,-0.488
20250805-000110,-2.686,-0.244,-0.793
20250805-000111,-0.732,-0.122,-0.488
20250805-000112,0.732,0.0,-0.366
20250805-000113,-0.61,0.061,-0.549
20250805-000114,0.244,0.0,-0.488
20250805-000115,-0.488,0.0,-0.549
20250805-000116,0.366,0.0,-0.427
20250805-000117,0.183,0.0,-0.427
20250805-000118,0.427,0.122,-0.549
20250805-000119,0.244,0.0,-0.488
20250805-000120,0.244,0.0,-0.427
20250805-000121,0.122,0.061,-0.488
20250805-000122,0.244,0.0,-0.488
20250805-000123,0.305,0.061,-0.488
20250805-000124,0.427,-0.061,-0.427
20250805-000125,0.305,0.0,-0.488
20250805-000126,0.0,0.0,-0.488
20250805-000127,0.183,0.0,-0.488
20250805-000128,0.244,0.0,-0.488
20250805-000129,0.427,0.061,-0.427
20250805-000130,-0.549,0.305,-0.549
20250805-000131,1.709,0.305,-0.244
20250805-000132,1.099,-0.122,-0.366
20250805-000133,4.333,-1.953,0.488
20250805-000134,0.061,0.0,-0.488
20250805-000135,1.404,0.427,-0.305
20250805-000136,0.0,0.061,-0.549
20250805-000137,0.244,0.0,-0.488
20250805-000138,0.244,-0.061,-0.427
20250805-000139,0.183,0.0,-0.488
20250805-000140,0.366,0.061,-0.427
20250805-000142,0.122,0.061,-0.549
20250805-000143,0.122,-0.061,-0.549
20250805-000145,0.122,0.0,-0.427
20250805-000146,0.122,0.0,-0.488
20250805-000147,0.366,0.0,-0.427
20250805-000148,-0.549,0.061,-0.61
20250805-000149,-1.16,-0.061,-0.61
20250805-000150,0.122,0.061,-0.61
20250805-000151,0.427,-0.061,-0.488
20250805-000152,0.427,-0.061,-0.427
20250805-000153,0.488,0.0,-0.427
20250805-000154,0.061,0.0,-0.427
20250805-000155,0.183,0.0,-0.427
20250805-000156,-4.15,-0.183,-1.343
20250805-000157,0.0,0.061,-0.488
20250805-000158,0.061,0.0,-0.488
20250805-000159,0.183,0.0,-0.488
20250805-000200,0.427,0.0,-0.427
20250805-000201,0.122,0.061,-0.427
20250805-000202,0.122,0.061,-0.488
20250805-000203,0.366,0.0,-0.488
20250805-000204,0.122,0.0,-0.488
20250805-000205,0.732,-0.061,-0.427
20250805-000206,3.54,2.014,-0.122
20250805-000207,0.732,0.122,-0.366
20250805-000208,-0.977,-0.183,-1.038
20250805-000209,0.122,0.061,-0.427
20250805-000210,0.366,0.0,-0.427
20250805-000211,-0.183,0.183,-0.488
20250805-000212,-0.061,0.244,-0.488
20250805-000213,-0.61,0.0,-0.488
20250805-000214,0.305,0.0,-0.488
20250805-000215,0.244,0.0,-0.488
20250805-000216,0.122,0.0,-0.488
20250805-000217,0.122,0.0,-0.488
20250805-000218,0.366,0.0,-0.427
20250805-000219,0.122,0.0,-0.549
20250805-000220,0.122,0.0,-0.427
20250805-000221,0.183,0.0,-0.488
20250805-000222,0.366,0.061,-0.427
20250805-000223,0.0,0.061,-0.488
20250805-000224,0.183,0.0,-0.488
20250805-000225,0.549,-0.061,-0.488
20250805-000226,-0.244,0.061,-0.427
20250805-000227,0.061,0.061,-0.488
20250805-000228,0.0,-0.122,-0.427
20250805-000229,0.061,0.0,-0.488
20250805-000230,0.366,-0.061,-0.427
20250805-000231,2.38,-0.061,-0.122
20250805-000232,0.122,0.0,-0.488
20250805-000233,0.183,0.0,-0.427
20250805-000234,0.366,0.0,-0.427
20250805-000235,0.183,0.061,-0.488
20250805-000236,0.0,0.061,-0.488
20250805-000237,0.305,0.0,-0.488
20250805-000238,0.244,0.0,-0.427
20250805-000239,0.0,0.061,-0.488
20250805-000240,0.122,0.0,-0.488
20250805-000241,0.366,0.0,-0.427
20250805-000242,0.244,0.0,-0.488
20250805-000243,0.183,0.0,-0.488
20250805-000244,0.183,0.061,-0.488
20250805-000245,0.122,0.0,-0.488
20250805-000246,0.122,0.0,-0.488
20250805-000247,0.305,0.0,-0.488
20250805-000248,0.671,0.0,-0.427
20250805-000249,0.183,0.0,-0.488
20250805-000250,0.0,0.061,-0.488
20250805-000251,0.061,0.0,-0.549
20250805-000252,0.183,0.0,-0.427
20250805-000253,0.427,0.061,-0.427
20250805-000254,3.601,1.343,0.122
20250805-000255,0.305,0.0,-0.427
20250805-000256,0.122,0.061,-0.488
20250805-000257,0.122,0.0,-0.488
20250805-000258,0.305,0.061,-0.366
20250805-000259,2.686,-0.427,-0.366
20250805-000300,0.305,0.0,-0.427
20250805-000301,0.183,0.061,-0.427
20250805-000302,0.061,0.0,-0.488
20250805-000303,0.122,0.0,-0.488
20250805-000304,0.122,0.0,-0.488
20250805-000305,0.122,0.061,-0.488
20250805-000306,0.061,0.0,-0.488
20250805-000307,0.061,0.061,-0.488
20250805-000308,0.061,0.0,-0.488
20250805-000309,0.305,0.0,-0.488
20250805-000310,0.305,0.0,-0.427
20250805-000311,0.122,0.0,-0.488
20250805-000312,0.183,0.0,-0.488
20250805-000313,0.061,0.0,-0.488
20250805-000314,0.305,0.0,-0.488
20250805-000315,0.305,0.0,-0.488
20250805-000316,0.122,0.0,-0.488
20250805-000317,0.122,0.0,-0.488
20250805-000318,0.305,0.0,-0.427
20250805-000319,0.671,-0.061,-0.427
20250805-000320,0.0,0.061,-0.488
20250805-000321,0.122,0.061,-0.488
20250805-000322,0.305,0.0,-0.488
20250805-000323,0.061,0.0,-0.488
20250805-000324,0.305,0.0,-0.488
20250805-000325,0.244,0.0,-0.427
20250805-000326,0.0,0.0,-0.427
20250805-000327,0.305,0.0,-0.427
20250805-000328,0.305,0.0,-0.488
20250805-000329,0.122,0.0,-0.488
20250805-000330,0.061,0.0,-0.488
20250805-000331,0.305,0.0,-0.427
20250805-000332,0.183,0.0,-0.488
20250805-000333,0.061,0.0,-0.488
20250805-000334,0.305,0.061,-0.427
20250805-000335,0.183,0.0,-0.488
20250805-000336,0.0,0.0,-0.488
20250805-000337,0.244,0.0,-0.427
20250805-000338,0.244,0.0,-0.427
20250805-000339,0.061,0.061,-0.488
20250805-000340,0.122,0.0,-0.488
20250805-000341,0.061,0.061,-0.488
20250805-000342,0.305,0.0,-0.488
20250805-000343,0.305,0.0,-0.427
20250805-000344,0.244,0.0,-0.427
20250805-000345,0.305,0.0,-0.488
20250805-000346,0.183,0.061,-0.427
20250805-000347,0.305,0.0,-0.427
20250805-000348,0.0,0.0,-0.488
20250805-000349,0.366,-0.061,-0.427
20250805-000350,0.183,0.0,-0.488
20250805-000351,0.122,0.0,-0.427
20250805-000352,0.061,0.0,-0.488
20250805-000353,0.183,0.0,-0.488
20250805-000354,0.305,0.0,-0.488
20250805-000355,0.305,0.0,-0.427
20250805-000356,0.122,0.0,-0.488
20250805-000357,0.061,0.061,-0.488
20250805-000358,0.244,0.0,-0.427
20250805-000359,0.305,0.0,-0.427
20250805-000400,0.183,0.0,-0.427
20250805-000401,0.183,0.0,-0.427
20250805-000402,0.061,-0.061,-0.488
20250805-000403,0.061,0.061,-0.488
20250805-000404,0.305,0.0,-0.488
20250805-000405,0.244,0.061,-0.488
20250805-000406,0.0,0.0,-0.488
20250805-000407,0.244,0.0,-0.488
20250805-000408,0.305,0.0,-0.427
20250805-000409,-0.793,0.0,-0.549
20250805-000410,0.305,0.0,-0.427
20250805-000411,0.366,0.0,-0.427
20250805-000412,0.122,0.061,-0.427
20250805-000413,0.122,0.0,-0.427
20250805-000414,0.305,0.0,-0.427
20250805-000415,0.305,0.0,-0.488
20250805-000416,0.183,0.0,-0.488
20250805-000417,0.061,0.061,-0.488
20250805-000418,0.0,0.0,-0.488
20250805-000419,0.122,0.061,-0.427
20250805-000420,0.061,0.061,-0.488
20250805-000421,0.061,0.0,-0.427
20250805-000422,0.244,0.0,-0.488
20250805-000423,0.183,0.0,-0.488
20250805-000424,0.183,0.0,-0.427
20250805-000425,0.305,0.0,-0.488
20250805-000426,-1.16,-0.366,-0.671
20250805-000427,0.244,0.0,-0.427
20250805-000428,0.305,-0.061,-0.427
20250805-000429,0.122,0.0,-0.427
20250805-000430,0.0,0.0,-0.488
20250805-000431,0.122,0.0,-0.427
20250805-000432,0.305,0.0,-0.488
20250805-000433,-0.061,0.0,-0.549
20250805-000434,0.244,-0.061,-0.488
20250805-000435,0.366,0.0,-0.427
20250805-000436,0.183,0.0,-0.488
20250805-000437,0.122,0.0,-0.427
20250805-000438,0.122,0.0,-0.488
20250805-000439,0.366,0.0,-0.488
20250805-000440,0.244,0.0,-0.488
20250805-000441,0.0,0.0,-0.488
20250805-000442,0.061,0.0,-0.488
20250805-000443,0.183,0.0,-0.488
20250805-000444,-0.183,0.061,-0.488
20250805-000445,0.366,0.0,-0.427
20250805-000446,0.183,0.0,-0.427
20250805-000447,0.061,0.0,-0.427
20250805-000448,0.061,0.061,-0.488
20250805-000449,0.061,0.0,-0.427
20250805-000450,0.305,0.0,-0.488
20250805-000451,0.183,0.061,-0.488
20250805-000452,0.183,0.0,-0.427
20250805-000453,0.183,0.0,-0.427
20250805-000454,-0.061,0.0,-0.488
20250805-000455,0.183,0.0,-0.488
20250805-000456,0.366,0.0,-0.488
20250805-000457,0.244,0.0,-0.427
20250805-000458,0.061,0.0,-0.488
20250805-000459,0.183,0.0,-0.488
20250805-000500,0.366,0.0,-0.488
20250805-000501,0.183,0.0,-0.488
20250805-000502,0.061,0.061,-0.488
20250805-000503,0.183,0.0,-0.427
20250805-000504,0.427,0.0,-0.427
20250805-000505,0.305,0.061,-0.427
20250805-000506,0.061,0.061,-0.488
20250805-000507,0.0,0.0,-0.488
20250805-000508,0.244,0.0,-0.488
20250805-000509,0.244,0.0,-0.427
20250805-000510,0.305,0.0,-0.488
20250805-000511,1.16,0.0,-0.549
20250805-000512,0.061,0.061,-0.488
20250805-000513,0.366,-0.061,-0.549
20250805-000514,0.366,0.0,-0.488
20250805-000515,0.0,0.0,-0.488
20250805-000516,0.732,-0.061,-0.488
20250805-000517,0.244,0.0,-0.549
20250805-000518,0.0,0.061,-0.488
20250805-000519,-0.427,0.244,-0.671
20250805-000520,0.244,0.0,-0.427
20250805-000521,0.244,0.0,-0.488
20250805-000522,0.183,0.061,-0.488
20250805-000523,0.122,0.0,-0.549
20250805-000524,0.061,0.0,-0.427
20250805-000525,0.122,0.0,-0.488
20250805-000526,0.122,0.0,-0.427
20250805-000527,0.305,-0.183,-0.366
20250805-000528,-0.305,0.0,-0.549
20250805-000529,0.061,0.0,-0.488
20250805-000530,0.122,0.0,-0.488
20250805-000531,1.038,-0.183,-0.488
20250805-000532,0.366,0.0,-0.488
20250805-000533,0.122,0.0,-0.427
20250805-000534,0.305,0.061,-0.427
20250805-000535,0.061,0.061,-0.488
20250805-000536,0.122,0.0,-0.488
20250805-000537,0.366,0.0,-0.427
20250805-000538,0.061,0.0,-0.549
20250805-000539,0.183,0.0,-0.488
20250805-000540,0.366,0.0,-0.427
20250805-000541,0.122,0.0,-0.488
20250805-000542,0.061,0.061,-0.488
20250805-000543,0.305,0.0,-0.488
20250805-000544,0.122,0.0,-0.488
20250805-000545,-0.061,0.061,-0.427
20250805-000546,0.244,0.0,-0.427
20250805-000547,0.427,-0.061,-0.427
20250805-000548,0.183,0.0,-0.488
20250805-000549,0.061,0.0,-0.488
20250805-000550,0.122,0.0,-0.488
20250805-000551,0.366,0.0,-0.488
20250805-000552,0.183,0.0,-0.427
20250805-000553,0.122,0.0,-0.488
20250805-000554,0.244,0.0,-0.427
20250805-000555,0.122,0.183,-0.427
20250805-000556,0.122,0.061,-0.488
20250805-000557,0.366,0.0,-0.488
20250805-000558,0.244,0.0,-0.488
20250805-000559,0.122,0.061,-0.488
20250805-000600,0.061,0.0,-0.427
20250805-000601,0.183,-0.488,0.061
20250805-000602,0.305,0.0,-0.488
20250805-000603,-0.366,0.183,-0.488
20250805-000604,0.244,0.0,-0.61
20250805-000605,0.244,0.0,-0.488
20250805-000606,0.244,0.0,-0.427
20250805-000607,0.244,0.0,-0.427
20250805-000608,0.0,0.061,-0.488
20250805-000609,0.183,0.0,-0.488
20250805-000610,0.366,0.0,-0.427
20250805-000611,0.122,0.0,-0.488
20250805-000612,0.061,0.0,-0.427
20250805-000613,0.244,0.0,-0.488
20250805-000614,0.305,0.0,-0.488
20250805-000615,0.061,0.061,-0.488
20250805-000616,0.0,0.061,-0.488
20250805-000617,0.305,0.0,-0.488
20250805-000618,0.244,0.0,-0.427
20250805-000619,0.183,0.0,-0.488
20250805-000620,0.0,0.061,-0.488
20250805-000621,0.122,0.0,-0.427
20250805-000622,0.244,0.0,-0.488
20250805-000623,0.366,0.0,-0.427
20250805-000624,0.366,0.0,-0.488
20250805-000625,0.0,0.061,-0.488
20250805-000626,0.061,0.061,-0.488
20250805-000627,0.305,0.0,-0.488
20250805-000628,0.244,0.0,-0.427
20250805-000629,0.305,0.0,-0.488
20250805-000630,0.305,0.0,-0.427
20250805-000631,0.427,0.0,-0.427
20250805-000632,0.366,0.0,-0.61
20250805-000633,-1.038,0.061,-0.488
20250805-000634,0.671,0.061,-0.61
20250805-000635,-0.427,0.793,-0.671
20250805-000636,-1.648,0.488,-0.732
20250805-000637,-0.732,0.122,-0.671
20250805-000638,-0.549,0.122,-0.549
20250805-000639,3.174,0.488,0.122
20250805-000640,0.305,0.061,-0.488
20250805-000641,-0.183,0.061,-0.427
20250805-000642,0.366,-0.061,-0.488
20250805-000643,0.427,0.0,-0.427
20250805-000644,0.305,0.0,-0.488
20250805-000645,0.122,0.0,-0.488
20250805-000646,0.061,0.061,-0.427
20250805-000647,0.244,0.061,-0.488
20250805-000648,0.0,0.0,-0.488
20250805-000649,0.183,0.0,-0.488
20250805-000650,0.366,0.0,-0.488
20250805-000651,0.061,0.0,-0.549
20250805-000652,0.305,0.0,-0.488
20250805-000653,0.305,0.0,-0.488
20250805-000654,0.061,0.0,-0.488
20250805-000655,0.305,0.0,-0.427
20250805-000656,0.244,0.0,-0.427
20250805-000657,0.122,0.0,-0.488
20250805-000658,0.366,-0.061,-0.488
20250805-000659,0.061,0.0,-0.488
20250805-000700,0.183,0.061,-0.488
20250805-000701,0.305,0.0,-0.427
20250805-000702,0.061,0.0,-0.488
20250805-000703,0.305,0.0,-0.488
20250805-000704,0.183,0.061,-0.488
20250805-000705,0.122,0.0,-0.488
20250805-000706,0.427,0.0,-0.488
20250805-000707,-0.366,0.122,-0.366
20250805-000708,0.61,0.122,-0.427
20250805-000709,0.122,0.0,-0.488
20250805-000710,0.183,0.061,-0.488
20250805-000711,0.122,0.0,-0.488
20250805-000712,0.122,0.0,-0.488
20250805-000713,0.122,0.061,-0.427
20250805-000714,0.244,0.0,-0.488
20250805-000715,0.244,0.0,-0.488
20250805-000716,0.061,0.0,-0.549
20250805-000717,0.183,0.0,-0.427
20250805-000718,0.305,0.0,-0.427
20250805-000719,0.122,0.061,-0.488
20250805-000720,0.061,0.061,-0.427
20250805-000721,0.122,0.061,-0.488
20250805-000722,0.244,0.0,-0.427
20250805-000723,0.061,0.061,-0.549
20250805-000724,0.305,0.0,-0.488
20250805-000725,0.183,0.0,-0.488
20250805-000726,0.061,0.061,-0.427
20250805-000727,0.122,0.0,-0.488
20250805-000728,0.244,0.0,-0.488
20250805-000729,0.122,0.0,-0.427
20250805-000730,0.122,0.0,-0.488
20250805-000732,0.305,-0.061,-0.488
20250805-000733,0.122,0.0,-0.427
20250805-000735,0.122,0.0,-0.488
20250805-000736,0.244,0.0,-0.488
20250805-000738,0.061,0.0,-0.427
20250805-000739,0.183,0.0,-0.488
20250805-000740,0.244,0.0,-0.427
20250805-000741,0.244,0.0,-0.488
20250805-000742,0.122,0.0,-0.488
20250805-000743,0.305,0.0,-0.488
20250805-000744,0.244,0.0,-0.427
20250805-000745,0.122,0.0,-0.427
20250805-000746,0.793,0.0,-0.366
20250805-000747,0.183,0.0,-0.427
20250805-000748,0.061,0.0,-0.488
20250805-000749,0.793,0.0,-0.61
20250805-000750,0.122,0.0,-0.488
20250805-000751,0.183,0.061,-0.488
20250805-000752,0.183,0.0,-0.427
20250805-000753,0.305,0.0,-0.488
20250805-000754,0.244,0.0,-0.488
20250805-000755,0.183,0.0,-0.488
20250805-000756,0.366,0.0,-0.549
20250805-000757,0.244,0.0,-0.488
20250805-000758,0.183,0.0,-0.488
20250805-000759,0.061,0.0,-0.488
20250805-000800,0.122,0.0,-0.488
20250805-000801,-0.244,0.061,-0.427
20250805-000802,0.366,0.0,-0.488
20250805-000803,0.183,0.061,-0.549
20250805-000804,0.122,0.0,-0.427
20250805-000805,0.305,0.0,-0.488
20250805-000806,0.366,0.0,-0.488
20250805-000807,0.122,0.061,-0.549
20250805-000808,0.0,0.0,-0.488
20250805-000809,0.244,0.0,-0.488
20250805-000810,0.305,0.0,-0.427
20250805-000811,0.183,0.0,-0.488
20250805-000812,-0.916,-0.061,-0.366
20250805-000813,0.0,0.0,-0.244
20250805-000814,2.747,-0.122,0.366
20250805-000815,1.282,0.183,-0.427
20250805-000816,-0.244,-0.183,-0.793
20250805-000817,0.0,0.0,-0.488
20250805-000818,0.0,0.0,-0.549
20250805-000819,0.244,0.0,-0.427
20250805-000820,0.183,0.0,-0.488
20250805-000821,0.122,0.0,-0.488
20250805-000822,0.0,0.061,-0.488
20250805-000823,0.061,0.061,-0.427
20250805-000824,0.061,0.0,-0.427
20250805-000825,0.183,0.0,-0.427
20250805-000826,0.244,0.0,-0.488
20250805-000827,0.305,0.0,-0.427
20250805-000828,0.305,0.0,-0.488
20250805-000829,0.183,0.0,-0.488
20250805-000830,0.061,0.0,-0.488
20250805-000831,0.122,0.0,-0.488
20250805-000832,0.061,0.0,-0.427
20250805-000833,0.122,0.0,-0.488
20250805-000834,0.183,0.0,-0.488
20250805-000835,-0.122,-0.061,-0.366
20250805-000836,0.488,0.61,-0.427
